paymentType,Year,Month,month_year,avg_passenger_count,median_passenger_count,avg_fareAmount,median_fareAmount,avg_improvementSurcharge,median_improvementSurcharge,avg_extra,median_extra,avg_mtaTax,median_mtaTax,avg_tollsAmount,median_tollsAmount,avg_tipAmount,median_tipAmount,avg_totalAmount,median_totalAmount
CRD,2009,1,1/2009,1.65816229667933,1,11.454249645930654,8.9,0.2952191235059763,0.3,0.189913594710107,0,0.4962686567164179,0.5,0.22092174903572226,0,2.158186914448176,1.92,14.02977266187383,10.69
CSH,2009,1,1/2009,1.7135672056311473,1,8.96202954615678,7.1,0.29720149253731215,0.3,0.1767882556810389,0,0.49076267171956417,0.5,0.08630692283035721,0,0.0007775540904687334,0,9.22757578175731,7.3
DIS,2009,1,1/2009,1.2743879706723003,1,11.599537715918999,7.4,-0.3,-0.3,0.00018640487138063875,0,0.25,0.5,0.17605815831987046,0,0.016628557226295516,0,11.893022244314672,7.4
NOC,2009,1,1/2009,1.2134895898267049,1,10.208470016207398,6.5,-0.3,-0.3,0.00007480364044383494,0,0.35714285714285715,0.5,0.12869467647425595,0,0.007603540705647676,0,10.405557661139433,6.6
CRD,2009,2,2/2009,1.6455503526338036,1,11.535709424126676,8.9,null,null,0.188811602373622,0,null,null,0.22741737080616134,0,2.149019923203615,1.89,14.107208788196335,10.8
CSH,2009,2,2/2009,1.6983248677398122,1,9.060377264193317,7.3,null,null,0.1789825851207975,0,null,null,0.08912740639786884,0,0.000882070320131244,0,9.331125581664997,7.4
DIS,2009,2,2/2009,1.208433596883236,1,12.360977426377918,8.1,null,null,0,0,null,null,0.20757763263435303,0,0.014709522172567893,0,12.701620258966443,8.1
NOC,2009,2,2/2009,1.239495598382108,1,10.329285272424423,6.7,null,null,0,0,null,null,0.1315979062574355,0,0.009976445396145612,0,10.530414703782963,6.9
CRD,2009,3,3/2009,1.6401270761976883,1,11.832182489978681,8.9,null,null,0.19380503536269664,0,null,null,0.25336470356795654,0,2.1865139349822216,1.9,14.472881236502337,10.9
CSH,2009,3,3/2009,1.6952313159394772,1,9.260848945475626,7.3,null,null,0.18714134956015024,0,null,null,0.10284300775644625,0,0.0008250131913486845,0,9.553394833411033,7.5
DIS,2009,3,3/2009,1.246923337473185,1,12.547770125324599,8.1,null,null,0,0,null,null,0.20743818448684637,0,0.021736479620639043,0,12.828354973467318,8.1
NOC,2009,3,3/2009,1.260880829015544,1,10.559613126079404,6.9,null,null,0,0,null,null,0.1502720207253891,0,0.008537780656303971,0,10.787669257340172,6.9
CRD,2009,4,4/2009,1.6340897079062224,1,11.719697598183252,8.9,null,null,0.1916359564000234,0,0,0,0.24553153582281276,0,2.169752814671834,1.88,14.332833710139802,10.9
CSH,2009,4,4/2009,1.7081896707808613,1,9.264285715084007,7.3,null,null,0.18339590140417436,0,0,0,0.10299649583156502,0,0.0008193468356169848,0,9.553150242849593,7.5
DIS,2009,4,4/2009,1.2952784503631962,1,12.438455205811144,8.1,null,null,0,0,null,null,0.21647094430992705,0,0.014719128329297823,0,12.785104116222767,8.1
NOC,2009,4,4/2009,1.25982414828577,1,10.404013912592527,6.7,null,null,0.000021603404696580182,0,0,0,0.14904404934217722,0,0.012797208840113202,0,10.632716412106426,6.9
CRD,2009,5,5/2009,1.648663324135312,1,11.856988559708109,8.9,null,null,0.1860628428215705,0,null,null,0.26290321876869316,0,2.199856524333312,1.92,14.51228414748434,10.9
CSH,2009,5,5/2009,1.7143602432085308,1,9.321424670153647,7.3,null,null,0.17806914701511858,0,null,null,0.10938748777103371,0,0.0008603712092038647,0,9.611256405471575,7.5
DIS,2009,5,5/2009,1.3170646881520982,1,12.33356364479481,7.7,null,null,0,0,null,null,0.22189195455599342,0,0.015506607929515418,0,12.642664038952004,8.1
NOC,2009,5,5/2009,1.270201694405023,1,10.404071087601583,6.5,null,null,0,0,null,null,0.16404657463553152,0,0.012144884531028253,0,10.628719735087916,6.65
CRD,2009,6,6/2009,1.6361803059741316,1,11.755775515690523,8.9,null,null,0.1924057798389641,0,null,null,0.26052404616611724,0,2.1928929053020507,1.9,14.407453991176292,10.84
CSH,2009,6,6/2009,1.7014397270126753,1,9.29961933912966,7.3,null,null,0.1849436822311245,0,null,null,0.11055581402263981,0,0.0009149953721103094,0,9.597614747099907,7.4
DIS,2009,6,6/2009,1.29805902685456,1,12.20736639191706,7.7,null,null,0,0,null,null,0.22155942568465817,0,0.020745812283967033,0,12.577535229992046,7.7
NOC,2009,6,6/2009,1.2452045296972498,1,10.191430783452684,6.5,null,null,0,0,null,null,0.16004229258146585,0,0.009439103304830136,0,10.41852391957468,6.5
CRD,2009,7,7/2009,1.6401161876524006,1,11.626641439809452,8.9,null,null,0.19722245682679854,0,null,null,0.26612683203182075,0,2.1688044300349762,1.85,14.26535240971752,10.7
CSH,2009,7,7/2009,1.720653680269322,1,9.319330269934731,7.3,null,null,0.19016762683448452,0,0.5,0.5,0.11805426507272423,0,0.0012410377514394926,0,9.630731570152196,7.4
DIS,2009,7,7/2009,1.311179515880789,1,12.439191269063945,7.7,null,null,0,0,null,null,0.22705750664614516,0,0.019403945711487337,0,12.818003358052332,7.7
NOC,2009,7,7/2009,1.2549471335726066,1,10.204785866718344,6.1,null,null,0,0,null,null,0.17417135512658885,0,0.016441943932486176,0,10.481107042390105,6.5
CRD,2009,8,8/2009,1.647071210087739,1,11.583828976349416,8.9,null,null,0.189613415357217,0,null,null,0.2799751702233591,0,2.1614088811411003,1.82,14.221109398722108,10.65
CSH,2009,8,8/2009,1.733887200279727,1,9.353323907462203,7.3,null,null,0.18334012524102772,0,null,null,0.1266761399980242,0,0.000924537833063053,0,9.666010362749567,7.4
DIS,2009,8,8/2009,1.3117117117117116,1,12.658831600831636,7.3,null,null,0,0,null,null,0.25057103257103286,0,0.0194012474012474,0,13.03864310464313,7.7
NOC,2009,8,8/2009,1.2652153842415996,1,10.253752520712254,6.1,null,null,0,0,null,null,0.17287057508685932,0,0.009387254306470031,0,10.513676717121344,6.5
CRD,2009,9,9/2009,1.6284473021818988,1,11.832562583587768,8.9,null,null,0.18892132667722597,0,null,null,0.2930022777035088,0,2.200487636955283,1.9,14.521226964942295,10.84
CSH,2009,9,9/2009,1.6999984888534931,1,9.464428951245205,7.3,null,null,0.18267560598225874,0,null,null,0.13229619812561938,0,0.000816080160017405,0,9.78218758071901,7.7
DIS,2009,9,9/2009,1.3123483009708738,1,12.487081310679617,7.7,null,null,0,0,null,null,0.24008040048543677,0,0.03495904126213593,0,12.883710558252433,7.7
NOC,2009,9,9/2009,1.2535596006478593,1,10.392228588004905,6.5,null,null,0,0,null,null,0.18352261464452335,0,0.007328305170788309,0,10.649765997050778,6.5
CRD,2009,10,10/2009,1.6281549456338147,1,11.589656767495981,8.9,null,null,0.2477472705492059,0,0.0001802948350832538,0,0.2785804115055856,0,2.1620228797905487,1.83,14.284630613890666,10.8
CSH,2009,10,10/2009,1.7015959381970622,1,9.347419205870251,7.3,null,null,0.23641742333941856,0,0.00018953697574801496,0,0.12626090798557524,0,0.0008213880418461607,0,9.712743290127236,7.7
DIS,2009,10,10/2009,1.3307367309215739,1,12.94022577237921,7.7,null,null,0.15440982307895432,0,0.0006167129201356768,0,0.24469897016107747,0,0.013608397148138367,0,13.425139952468989,8.1
NOC,2009,10,10/2009,1.24827663635343,1,10.626742786572247,6.5,null,null,0.13838553946334345,0,0.00053464499572284,0,0.16385606826091903,0,0.006359267991467386,0,11.015600538901918,6.5
CRD,2009,11,11/2009,1.6317706317947573,1,11.543185483451191,8.9,null,null,0.32151053763908827,0.5,0.4948552631612303,0.5,0.28843399263761904,0,2.1909983343946355,1.89,14.838081204533829,11.3
CSH,2009,11,11/2009,1.7154702571479519,1,9.33689325769201,7.3,null,null,0.3073721566716216,0,0.49657835628184205,0.5,0.1290487328913266,0,0.0007559793155781654,0,10.263026332097965,8.2
DIS,2009,11,11/2009,1.3246847720659554,1,11.486522793404461,6.9,null,null,0.3390518913676043,0.5,0.48132880698351116,0.5,0.2368198351115421,0,0.011681619786614937,0,12.630495877788553,7.8
NOC,2009,11,11/2009,1.2593985924504159,1,10.029597696737063,6.5,null,null,0.314766474728087,0.5,0.48528470889315417,0.5,0.14467383237364045,0,0.007142162507997441,0,11.035540882917479,7.1
CRD,2009,12,12/2009,1.6456216030324944,1,11.494682939547586,8.9,null,null,0.3404207630572046,0.5,0.49658057452079624,0.5,0.2767943379445161,0,2.20889989380856,1.95,14.818834791974291,11.3
CSH,2009,12,12/2009,1.7373320224664945,1,9.35164946535254,7.3,null,null,0.32907258280851437,0,0.49867284059250333,0.5,0.1272079519777281,0,0.0010962995405377324,0,10.302400151159128,8.2
DIS,2009,12,12/2009,1.2969887076537014,1,11.315449184441652,6.9,null,null,0.364930991217064,0.5,0.48883312421580927,0.5,0.19851317440401497,0,0.021898368883312425,0,12.496752823086576,7.9
NOC,2009,12,12/2009,1.2813446639680455,1,10.095193952229044,6.5,null,null,0.33032195801946224,0.5,0.48914296437283866,0.5,0.15445862263088764,0,0.01617483848484036,0,11.159909926815548,7.1
CRD,2010,1,1/2010,1.6399117593595476,1,10.783270294132057,8.1,null,null,0.3315524999979058,0.5,0.47439312570731146,0.5,0.2386968422183083,0,2.0872708143288787,1.74,13.938793107784479,10.7
CSH,2010,1,1/2010,1.7078485886436505,1,8.781637395344703,6.9,null,null,0.31397314356645073,0,0.4687340048437141,0.5,0.10352062460626385,0,0.0011574734645894236,0,9.694661591022523,7.8
DIS,2010,1,1/2010,1.2612244897959184,1,11.134114549045442,6.5,null,null,0.33732718894009217,0.5,0.48887425938117185,0.5,0.19172481895984184,0,0.021712969058591176,0,12.30886240947994,7.5
UNK,2010,1,1/2010,1.2513757304135702,1,9.658034265615218,6.1,null,null,0.31110228626538833,0.5,0.48863958699722015,0.5,0.12820701197027276,0,0.014672944914052305,0,10.689166619390678,6.8
CRD,2010,2,2/2010,1.595985537686463,1,10.714282877634657,8.1,null,null,0.3300348050330419,0.5,0.497002828327822,0.5,0.2297451231195554,0,1.6332420004106627,1.68,13.404308021193584,10.75
CSH,2010,2,2/2010,1.6626449527053802,1,8.82058823154975,6.9,null,null,0.3125889875320916,0,0.4976507346890925,0.5,-2.8685385857949304,0,0.0016726479575376084,0,6.763961891365156,7.8
DIS,2010,2,2/2010,1.5,1.5,44.7,44.7,null,null,0.5,0.5,0.5,0.5,0,0,0,0,45.7,45.7
UNK,2010,2,2/2010,1.2463570681392464,1,11.513683249543407,5.7,null,null,0.5843878171600944,0.5,0.5090726640231592,0.5,0.20415841584158495,0,0.028045345075048054,0,12.247731529909645,6.6
CRD,2010,3,3/2010,1.5928808566668973,1,11.106468372792422,8.5,null,null,0.3371547354916644,0.5,0.49709454126811264,0.5,0.26973416515879617,0,1.7893929585566593,1.75,13.999844862221181,10.92
CSH,2010,3,3/2010,1.6643180188395648,1,6.171291341252326,6.9,null,null,0.3249686215180237,0,0.49824272223865634,0.5,-2.4482504403037137,0,0.0015750371328430912,0,4.547827485766181,7.9
DIS,2010,3,3/2010,1.20281052756937,1,11.101300464451587,6.1,null,null,0.328335119685602,0.5,0.5378146957246637,0.5,0.3091020602596165,0,0.02083482196022389,0,12.297387162081689,7.1
UNK,2010,3,3/2010,1.2478722107060114,1,10.233405712991543,5.7,null,null,1.5950506035849288,0.5,0.4561890013412998,0.5,0.22374271430313383,0,0.08136178514815266,0,9.771277649067196,5.4
CRD,2010,4,4/2010,1.6231390470595324,1,11.148527777778153,8.5,null,null,0.34284637864545675,0.5,0.4953133473427332,0.5,0.2649665638558005,0,2.1272349530763424,1.8,14.383718862985445,11
CSH,2010,4,4/2010,1.702093688011717,1,9.21115913232213,7.3,null,null,0.33240031500247813,0,0.4966614986678982,0.5,0.1263449428285312,0,0.0012245889847787936,0,10.169058289252233,8
DIS,2010,4,4/2010,1.2244346465652112,1,11.2673090598777,6.5,null,null,0.33451856065993457,0.5,0.48719954487270656,0.5,0.2038728488124022,0,0.01840420992746409,0,12.442272791921514,7.4
UNK,2010,4,4/2010,1.243477727704712,1,9.710795879575658,6.1,null,null,0.3235231000337227,0.5,0.48946932769244916,0.5,0.14681443330574195,0,0.014491247432478004,0,10.754850547227038,6.7
CRD,2010,5,5/2010,1.631520920885417,1,11.423714399983334,8.5,null,null,0.32647235592400914,0.5,0.4968999111816229,0.5,0.27924768737398464,0,2.169102755945442,1.84,14.700333258406332,11.2
CSH,2010,5,5/2010,1.7077260871281172,1,9.433334940325613,7.3,null,null,0.3133745621787375,0,0.4987303620521434,0.5,0.13803931011711862,0,0.0010122422593500536,0,10.385607123649175,8.2
DIS,2010,5,5/2010,1.2206896551724138,1,11.059318789584806,6.1,null,null,0.3221674876847291,0.5,0.4868402533427164,0.5,0.20045883180858542,0,0.017037297677691767,0,12.191750879662221,7
UNK,2010,5,5/2010,1.2280084856586557,1,9.764827235476972,6.1,null,null,0.30475719973264365,0,0.49013396878905,0.5,0.15238499317078827,0,0.01053529394670309,0,10.794819389148776,6.7
CRD,2010,6,6/2010,1.6258757095455887,1,11.373434974689895,8.5,null,null,0.3363149589832268,0.5,0.4971722926955159,0.5,0.2792998254098742,0,2.168855229061772,1.84,14.659201917991615,11.2
CSH,2010,6,6/2010,1.7010253930062698,1,9.404290451634818,7.3,null,null,0.3243719289480527,0,0.4989244862759529,0.5,0.13807493105882618,0,0.0010196632509615789,0,10.367831722592411,8.2
DIS,2010,6,6/2010,1.214447634879855,1,11.117896327640915,6.1,null,null,0.3243161553574127,0.5,0.4877588030829681,0.5,0.1903974610850838,0,0.021106241499168808,0,12.240782832099127,7
UNK,2010,6,6/2010,1.2437926154637848,1,9.552889810883856,5.7,null,null,0.32413482567863117,0.5,0.4899974269908658,0.5,0.12913160941721358,0,0.011901132124019042,0,10.57461597838674,6.7
CRD,2010,7,7/2010,1.6265442081986292,1,11.15097580624057,8.5,null,null,0.3373725153826707,0.5,0.49725487454646294,0.5,0.25230227689994084,0,2.116048027258682,1.8,14.357766200049909,11
CSH,2010,7,7/2010,1.7210107586966557,1,9.375872378068689,7.3,null,null,0.3244912169904859,0,0.4989168984366831,0.5,0.13211809797625576,0,0.0009835066038845275,0,10.3335976530428,8.2
DIS,2010,7,7/2010,1.2101650357820943,1,11.015751423981289,6.1,null,null,0.34197458741054476,0.5,0.48904629764860524,0.5,0.21941580254125878,0,0.020048196290346137,0,12.229520958083818,7
UNK,2010,7,7/2010,1.2495590828924161,1,9.455901360544255,5.7,null,null,0.3366087175610985,0.5,0.48957545981355505,0.5,0.147955089443185,0,0.018231607457797932,0,10.519271856890931,6.4
CRD,2010,8,8/2010,1.6755868142470087,1,11.19487209448005,8.5,null,null,0.33641358291422596,0.5,0.4971951553147588,0.5,0.26612294995344743,0,2.1268735420733518,1.8,14.421477644345185,11
CSH,2010,8,8/2010,1.7622466990434429,1,9.437561452735645,7.3,null,null,0.3250057364213366,0,0.49899998577905597,0.5,0.13826170739226992,0,0.0009951778188121052,0,10.400824444500921,8.2
DIS,2010,8,8/2010,1.2172619047619047,1,11.304949776785733,6.1,null,null,0.33361235119047616,0.5,0.486328125,0.5,0.22785714285714287,0,0.01857328869047619,0,12.371320684523823,7.1
NOC,2010,8,8/2010,1.2405641120801634,1,9.676205975134476,5.7,null,null,0.3291705325663388,0.5,0.48877342735201335,0.5,0.13719873817034692,0,0.009897197995917609,0,10.641245871219112,6.6
UNK,2010,8,8/2010,1.5,1,10.966666666666667,8.5,null,null,0.5,0.5,0.5,0.5,0,0,0.16666666666666666,0,12.133333333333333,10
CRD,2010,9,9/2010,1.593761832868817,1,11.389365334067342,8.5,null,null,0.3259850092035981,0.5,0.4972606725679235,0.5,0.27007153055504074,0,2.150152365938294,1.8,14.632834912337565,11.2
CSH,2010,9,9/2010,1.6740783873033411,1,9.525859803540108,7.3,null,null,0.3132878616660179,0,0.49900101076051884,0.5,0.1414261904165439,0,0.0008987575807038913,0,10.480473780917613,8.2
DIS,2010,9,9/2010,1.2275249722530521,1,12.10973362930078,5.7,null,null,0.3318534961154273,0.5,0.4877913429522753,0.5,0.22923418423973366,0,0.007613762486126527,0,13.166226415094343,6.7
NOC,2010,9,9/2010,1.2608784893267653,1,9.2906013957307,5.7,null,null,0.3206075533661741,0.5,0.4896346469622332,0.5,0.14783661740558285,0,0.005355090311986864,0,10.254035303776675,6.6
CRD,2010,10,10/2010,1.622444608082485,1,11.274721542066342,8.5,null,null,0.3230973261287719,0.5,0.49743351924121315,0.5,0.2660533317371673,0,2.140290731387766,1.8,14.501598073323192,11.1
CSH,2010,10,10/2010,1.701799905012717,1,9.48315325423828,7.3,null,null,0.30746271633584826,0,0.4990063313299722,0.5,0.14104073244222742,0,0.0008365224947681876,0,10.43150747245176,8.2
CRD,2010,11,11/2010,1.6325228953367381,1,11.271288640931163,8.5,null,null,0.31237514862873655,0,0.49745273850929234,0.5,0.2758518225298106,0,2.1510519894410254,1.8,14.508020801836413,11.05
CSH,2010,11,11/2010,1.7144346151497578,1,9.426011530428648,7.3,null,null,0.2993844488031717,0,0.4990505826101372,0.5,0.14115354183465195,0,0.00099061312750289,0,10.3665927757684,8.2
CRD,2010,12,12/2010,1.6378001825483615,1,11.264976126108191,8.5,null,null,0.32881663194868677,0.5,0.49729978972516753,0.5,0.2561113246181523,0,2.1711948879652327,1.88,14.518399233191241,11.1
CSH,2010,12,12/2010,1.7264867436782996,1,9.515163236221538,7.3,null,null,0.3157713617042721,0,0.499132535090608,0.5,0.13629857574974844,0,0.0011551205860603241,0,10.467521884093307,8.2
CRD,2011,1,1/2011,1.6122913680893076,1,10.734811239908694,8.1,null,null,0.32651545803269294,0.5,0.49790379184949063,0.5,0.23627139195205996,0,2.0856561077696525,1.72,13.88115798951228,10.8
CSH,2011,1,1/2011,1.6717161136039376,1,9.050331650055996,6.9,null,null,0.3108686037328645,0,0.4993615314019452,0.5,0.12064167900193752,0,0.00101191347549605,0,9.982216074756273,7.9
CRD,2011,2,2/2011,1.5969329055605794,1,10.76588193735263,8.5,null,null,0.32737681716335315,0.5,0.49792131405997103,0.5,0.2356591175580694,0,2.1371276068948233,1.84,13.963967286743289,10.9
CSH,2011,2,2/2011,1.6584587733480736,1,9.091464509992678,7.3,null,null,0.3128407128900205,0,0.49937765542402063,0.5,0.11992757545745958,0,0.001255890739057411,0,10.024866959774071,7.9
CRD,2011,3,3/2011,1.584985008394686,1,10.997122000092338,8.5,null,null,0.33621891699866585,0.5,0.4978304908478874,0.5,0.26713938068976506,0,2.2028141985445266,1.95,14.301126009040292,11
CSH,2011,3,3/2011,1.6529211781549593,1,9.274021828805552,7.3,null,null,0.3244822266382429,0,0.4993220217936374,0.5,0.14065875516620574,0,0.0011062142702012055,0,10.239610932877321,8
CRD,2011,4,4/2011,1.568411320497751,1,11.047949155746588,8.5,null,null,0.3310337020167898,0.5,0.49750915858747885,0.5,0.2612776037455196,0,2.1956372676914815,1.9,14.33340713041453,11
CSH,2011,4,4/2011,1.6579667553358206,1,9.423710441451092,7.3,null,null,0.31940994804400796,0,0.49923137517175425,0.5,0.14324679664461618,0,0.0011154784988335296,0,10.386714508486882,8.2
CRD,2011,5,5/2011,1.5967532692490027,1,11.395843759801211,8.5,null,null,0.32389369136441765,0.5,0.4973808477559544,0.5,0.2897203132865736,0,2.2591550838980883,2,14.76599369610141,11.28
CSH,2011,5,5/2011,1.671750812860014,1,9.656821189067399,7.3,null,null,0.31185060507930434,0,0.499205993191904,0.5,0.1594004725053551,0,0.001015706029450211,0,10.628294132962935,8.3
CRD,2011,6,6/2011,1.5959707951070337,1,11.348586163608152,8.5,null,null,0.3336783409785933,0.5,0.4975821865443425,0.5,0.28203301070315195,0,2.2564514785936747,2,14.718331180432886,11.28
CSH,2011,6,6/2011,1.6703933175327919,1,9.635086576283141,7.3,null,null,0.32266245318893805,0,0.4992377916037386,0.5,0.15575004239999898,0,0.0012607120903597399,0,10.613997575568895,8.3
CRD,2011,7,7/2011,1.6145370643142667,1,11.121360365466506,8.5,null,null,0.32823137139744163,0.5,0.4977230561381431,0.5,0.2560179104410864,0,2.2018342177698886,2,14.405167156642985,11.1
CSH,2011,7,7/2011,1.708988063079524,1,9.572831335646343,7.3,null,null,0.3126135175389948,0,0.49924913574479285,0.5,0.14747595562462232,0,0.0012049606839713539,0,10.533375382929485,8.2
CRD,2011,8,8/2011,1.5905801015819452,1,11.13361499637676,8.5,null,null,0.34578193737867385,0.5,0.49718545689511023,0.5,0.27100455646133775,0,2.211973168384144,1.97,14.4595602015218,11
CSH,2011,8,8/2011,1.6805912408308346,1,9.641524470484454,7.3,null,null,0.33751972785243306,0.5,0.49905042634823216,0.5,0.1580010675821206,0,0.0015234313642042557,0,10.63762033191638,8.2
CRD,2011,9,9/2011,1.6213998893234085,1,11.568539085946732,8.9,null,null,0.32677401936377914,0.5,0.4974552861945596,0.5,0.28458031683088014,0,2.2841175376157237,2,14.961466245958114,11.4
CSH,2011,9,9/2011,1.6931829857818275,1,9.882870156241644,7.7,null,null,0.3157958607473525,0,0.49914095365635786,0.5,0.1631474858251862,0,0.001553505331876169,0,10.862507838900846,8.4
CRD,2011,10,10/2011,1.6354451027603871,1,11.320120215705844,8.5,null,null,0.31719745423885704,0,0.49753788219466183,0.5,0.2833000387453026,0,2.248989832887729,2,14.66714542378065,11.25
CSH,2011,10,10/2011,1.7043278745768669,1,9.677767249528953,7.3,null,null,0.3026011780530193,0,0.49921731149830745,0.5,0.15853858709429405,0,0.0029010876544500338,0,10.641025413833836,8.3
CRD,2011,11,11/2011,1.634674115415779,1,11.449253646636585,8.9,null,null,0.3108134858404603,0,0.49738759407090083,0.5,0.29707158816282786,0,2.2779110808941283,2,14.83243739560943,11.3
CSH,2011,11,11/2011,1.7041584182915965,1,9.718426729683442,7.7,null,null,0.29925335296446604,0,0.49924484064139363,0.5,0.16076201252094896,0,0.003016699247748194,0,10.680704006236985,8.3
CRD,2011,12,12/2011,1.6554230570534736,1,11.338053920041608,8.5,null,null,0.3297916846479362,0.5,0.4973286869733052,0.5,0.27412571002543046,0,2.275001355631619,2,14.714301357319837,11.3
CSH,2011,12,12/2011,1.735228521415298,1,9.676949448653934,7.7,null,null,0.3161594483833283,0,0.49926382276335257,0.5,0.15120049218332135,0,0.003732544577310154,0,10.647305756562776,8.3
CRD,2012,1,1/2012,1.6313411960249118,1,10.676799294313525,8.1,null,null,0.32385117908245115,0,0.49784567296124654,0.5,0.24699293957030932,0,2.149530243327711,1.76,13.895019329256993,10.7
CSH,2012,1,1/2012,1.6860091848822027,1,9.054517664339988,6.9,null,null,0.3097198926123996,0,0.49939064230006064,0.5,0.12827644383240389,0,0.0037976063450053314,0,9.995702312218706,7.9
DIS,2012,1,1/2012,1.1679586563307494,1,11.118863049095605,5.3,null,null,0.30103359173126615,0.5,0.4780361757105943,0.5,0.22328165374677,0,0.022894056847545217,0,12.144108527131781,6.3
NOC,2012,1,1/2012,1.269434628975265,1,10.133012367491167,5.3,null,null,0.2765017667844523,0.5,0.4880742049469965,0.5,0.16272968197879858,0,0.008118374558303889,0,11.068436395759718,6.3
CRD,2012,2,2/2012,1.6371229989513434,1,10.751556901519299,8.1,null,null,0.3287356647387287,0.5,0.49782843259260895,0.5,0.24347647692710198,0,2.137991270157127,1.64,13.95958874594024,10.8
CSH,2012,2,2/2012,1.6914594616972405,1,9.182206385399372,7.3,null,null,0.3152644286654079,0,0.49938354378876704,0.5,0.12986202506831837,0,0.003441772702956723,0,10.130158284997929,8
UNK,2012,2,2/2012,1.8220064724919094,1,13.937562028047468,8.9,null,null,0.3883495145631068,0,0.4929881337648328,0.5,0.6516936353829558,0,3.032135922330097,2,18.50272923408846,12
CRD,2012,3,3/2012,1.6325422898188169,1,11.064941025949423,8.5,null,null,0.32922328988072314,0.5,0.49766550253698766,0.5,0.27151191201775526,0,2.2052210283627693,1.7,14.368562758747103,11
CSH,2012,3,3/2012,1.6937130164034837,1,9.446019729112109,7.3,null,null,0.3189406972418577,0,0.49933860283138737,0.5,0.1501310846900344,0,0.00037539485798096446,0,10.414805508736698,8.2
DIS,2012,3,3/2012,1.0127982646420823,1,10.824817787418647,6.5,null,null,0.3418655097613883,0.5,0.48926247288503255,0.5,0.25574837310195236,0,0.005720173535791758,0,11.917414316702807,7.4
NOC,2012,3,3/2012,1.1303503295178634,1,9.616888657648316,5.3,null,null,0.3328477280610475,0.5,0.48844953173777317,0.5,0.18158931668400938,0,0.004303156434269858,0,10.62407839056541,6.3
UNK,2012,3,3/2012,1.8055659553226007,1,13.765721951828281,9.3,null,null,0.35423686509422186,0,0.49432172719331086,0.5,0.5911868214151975,0,2.9674578809434666,2,18.172925246474506,12
CRD,2012,4,4/2012,1.6371155261869745,1,11.14171161979554,8.5,null,null,0.32593528566732616,0.5,0.4977160489408645,0.5,0.2699558668308654,0,2.219798337252541,1.71,14.455117158480697,11.04
CSH,2012,4,4/2012,1.7087118850513143,1,9.61771197334991,7.3,null,null,0.31586572844500893,0,0.4992599496844162,0.5,0.15358513413668043,0,0.0003783968009448347,0,10.586801121185692,8.3
DIS,2012,4,4/2012,1.0600072846476052,1,11.113088690584636,6.5,null,null,0.32521398652340194,0.5,0.48825350573666,0.5,0.2886514296120918,0,0.015876889455472595,0,12.231084501912258,7.4
NOC,2012,4,4/2012,1.1346986886695152,1,9.671425666715704,5.3,null,null,0.32235155444231617,0.5,0.488109621334905,0.5,0.19059879180786818,0,0.005664947694121114,0,10.678150581994904,6.3
UNK,2012,4,4/2012,1.878779235596121,1,13.836955219623507,9.3,null,null,0.33710068454078723,0,0.49393896177980606,0.5,0.6112036508841963,0,2.9768011979463798,2,18.25599971477471,12.2
CRD,2012,5,5/2012,1.655075180566191,1,11.423400981762532,8.9,null,null,0.3258183860917922,0.5,0.49757492997788577,0.5,0.28771852726301655,0,2.275111603475245,1.75,14.8096244964865,11.3
CSH,2012,5,5/2012,1.7202803560583289,1,9.825162692398505,7.7,null,null,0.31606779586152745,0,0.4992369652836995,0.5,0.16553105204059568,0,0.0003632886931236081,0,10.806361916974144,8.4
DIS,2012,5,5/2012,1.2139275766016713,1,11.142064066852368,6.5,null,null,0.3282265552460539,0.5,0.4871402042711235,0.5,0.260699164345404,0,0.01978272980501393,0,12.237912720519963,7.4
NOC,2012,5,5/2012,1.2184752463562873,1,9.786797368265788,5.3,null,null,0.31406738655809285,0,0.4865315395055172,0.5,0.18290110344013644,0,0.0065100017702248185,0,10.77680739953975,6.3
UNK,2012,5,5/2012,1.8271775082690187,1,14.480734564498343,9.7,null,null,0.3397188533627343,0,0.4933158765159868,0.5,0.653479878721057,0,3.105733186328554,2,19.07298235942668,12.7
CRD,2012,6,6/2012,1.6581048860129153,1,11.37613683724837,8.5,null,null,0.32890187875989474,0.5,0.4975180276114078,0.5,0.281366197731834,0,2.2710855491352064,1.74,14.755008490485467,11.28
CSH,2012,6,6/2012,1.7255464329529742,1,9.782843810649679,7.7,null,null,0.3189165520357628,0,0.49926034858052576,0.5,0.16246622876110528,0,0.000517039229926513,0,10.764003979259963,8.3
DIS,2012,6,6/2012,1.1818481033489674,1,10.77579692257058,6.5,null,null,0.3355138648893277,0.5,0.48942647905866865,0.5,0.256941495926931,0,0.023148193861597957,0,11.880826956307118,7.4
NOC,2012,6,6/2012,1.2098087325043216,1,9.535376122232687,5.3,null,null,0.3184352869012435,0.5,0.4880388111303184,0.5,0.2041674566441761,0,0.016469915797691408,0,10.562487592706121,6.2
UNK,2012,6,6/2012,1.835797330271279,1,14.273594086407343,9.7,null,null,0.3457729295249031,0,0.4931103774938998,0.5,0.6284627529783244,0,3.126733170661692,2,18.8676733170662,12.6
CRD,2012,7,7/2012,1.6621957365952555,1,11.116660023739193,8.5,null,null,0.330290090816116,0.5,0.49765339882186466,0.5,0.26100082816909637,0,2.2147625402422704,1.71,14.420366881789771,11
CSH,2012,7,7/2012,1.7457482492002852,1,9.700746356406121,7.3,null,null,0.3178101581211923,0,0.4992696740592298,0.5,0.15965692496870287,0,0.0004108619239239348,0,10.677893975481146,8.3
DIS,2012,7,7/2012,1.1994524437233827,1,10.780967349422024,6.1,null,null,0.33711417562360574,0.5,0.487629284120868,0.5,0.2594950314337863,0,0.017980125735145,0,11.883185966335423,7
NOC,2012,7,7/2012,1.2051337493049978,1,9.689708407981747,5.3,null,null,0.30921418422190644,0,0.48758262803484276,0.5,0.20693951936739297,0,0.011433557793290913,0,10.704878297399182,6
UNK,2012,7,7/2012,1.8694461351186853,1,13.979359403530118,9.3,null,null,0.34205721241631165,0,0.494750456482045,0.5,0.5875608642726714,0,3.0008657942787567,2,18.404593730979904,12.2
CRD,2012,8,8/2012,1.6585477110358575,1,11.199290588328196,8.5,null,null,0.3394116124087334,0.5,0.49751058291058486,0.5,0.2800794577457858,0,2.2386086815394464,1.72,14.5549009229394,11.03
CSH,2012,8,8/2012,1.7441942439992326,1,9.829463966504155,7.3,null,null,0.32920089625571447,0,0.49920584680356206,0.5,0.1727897950402083,0,0.0003701476159676296,0,10.83103065222179,8.3
DIS,2012,8,8/2012,1.2170269990689977,1,11.23671873383676,6.1,null,null,0.3467176993896762,0.5,0.4861901313747802,0.5,0.2768221785455674,0,0.02372504396400124,0,12.370173787110783,7
NOC,2012,8,8/2012,1.2078989638121633,1,10.229945513527142,5.3,null,null,0.3222103240842808,0.5,0.48566974268526975,0.5,0.21459985512267277,0,0.01617807313155491,0,11.268603508550914,6
UNK,2012,8,8/2012,1.863119089597692,1,13.902788908478923,9.3,null,null,0.3484532777688732,0,0.49543196025004005,0.5,0.5990543356307094,0,3.00306619650585,2,18.348794678634402,12.2
CRD,2012,9,9/2012,1.6712850902204153,1,13.328545922334202,10,null,null,0.31995178015902836,0.5,0.49743957997908006,0.5,0.2862626160048816,0,2.5145615241053902,2,16.94676142258265,13
CSH,2012,9,9/2012,1.7382267550309685,1,11.450983146412188,8.5,null,null,0.3053956719733886,0,0.49891376619300015,0.5,0.17480725211394893,0,0.0005288811171161678,0,12.430628717811102,9.5
DIS,2012,9,9/2012,1.214360338113781,1,13.237303637572417,7.5,null,null,0.3287111786494444,0.5,0.4840440687624656,0.5,0.29557222908158437,0,0.012653623326051858,0,14.358284737391957,8.5
NOC,2012,9,9/2012,1.2204315279612505,1,11.51778012622927,6,null,null,0.3049023924849552,0,0.48451489798913844,0.5,0.20079553794216912,0,0.00876999853221782,0,12.516762953177766,7
UNK,2012,9,9/2012,1.9158624849215924,1,17.236869722557298,11.5,null,null,0.3141586248492159,0,0.4937424607961399,0.5,0.6915259348612784,0,3.485803679131483,2,22.222100422195403,14.5
CRD,2012,10,10/2012,1.6663280273295638,1,13.409354018537648,10,null,null,0.3244911873220004,0.5,0.4975231179536947,0.5,0.2899997494430985,0,2.54392841666582,2,17.065296489928944,13
CSH,2012,10,10/2012,1.7293641849271013,1,11.575570683481015,8.5,null,null,0.3127503957863143,0,0.4991116168322559,0.5,0.17130898590115265,0,0.0006796699681292452,0,12.559421351975688,9.5
DIS,2012,10,10/2012,1.2240459581452605,1,13.621229995896595,7.5,null,null,0.3484304472712351,0.5,0.48620229790726305,0.5,0.2899784571194092,0,0.019017234304472712,0,14.76485843249896,8.5
NOC,2012,10,10/2012,1.2199515998924442,1,11.473069522870544,6,null,null,0.3212930596635894,0.5,0.4861671297541155,0.5,0.22617669026918757,0,0.01713572943742344,0,12.523842131994897,7
UNK,2012,10,10/2012,1.9360702923799424,1,17.07659445538555,11.5,null,null,0.3360854415997576,0,0.4936373276776246,0.5,0.6684971973943331,0,3.4732631419481885,2,22.04807756400543,14.5
CRD,2012,11,11/2012,1.6717450216273475,1,13.210437140358202,10,null,null,0.3083259749573768,0,0.4972948804229153,0.5,0.25956014515671344,0,2.5165095733529648,2,16.792127714251134,12.6
CSH,2012,11,11/2012,1.730405206375924,1,11.336359961111798,8.5,null,null,0.296109712619077,0,0.4990842408456733,0.5,0.1495026474450258,0,0.0009756673027112912,0,12.282032229328301,9.5
DIS,2012,11,11/2012,1.2065115308358552,1,13.051282479390588,7,null,null,0.3280809767296254,0.5,0.48570385056871546,0.5,0.2608608995095483,0,0.022700615673588647,0,14.148628821872055,8
NOC,2012,11,11/2012,1.2061553954117759,1,11.228418352896748,5.5,null,null,0.3166957233218995,0.5,0.4855713251722944,0.5,0.1981417377348393,0,0.020454416716493062,0,12.249281555842293,6.5
UNK,2012,11,11/2012,1.876131322094055,1,16.742225377107363,11,null,null,0.2993788819875776,0,0.49440993788819876,0.5,0.6155723158828748,0,3.4091233362910374,2,21.560709849157043,14
CRD,2012,12,12/2012,1.6889601793356888,1,13.355382035928834,10,null,null,0.3215067065850804,0.5,0.4967813465988513,0.5,0.2864515781302804,0,2.547747567805776,2,17.007869235050762,13
CSH,2012,12,12/2012,1.7614796793819616,1,11.326974235100389,8.5,null,null,0.3049028196403821,0,0.4991221046078867,0.5,0.16047648171445011,0,0.0005994017009888294,0,12.29207510927676,9.5
DIS,2012,12,12/2012,1.2333462058312417,1,13.313632940722146,8,null,null,0.3422958100019309,0.5,0.48643560532921415,0.5,0.2537951341957908,0,0.023190770418999807,0,14.419350260668075,8.5
NOC,2012,12,12/2012,1.2306897976042956,1,11.585458488228007,6,null,null,0.32833244822092406,0.5,0.4854399008674102,0.5,0.21455183808343609,0,0.010909895556735705,0,12.62469257095654,7
UNK,2012,12,12/2012,1.9191681735985533,1,16.362499095840867,11,null,null,0.3251356238698011,0,0.49385171790235083,0.5,0.6060849909584087,0,3.357598553345388,2,21.14516998191681,14
CRD,2013,1,1/2013,1.676606125586142,1,12.558721765078227,9.5,null,null,0.32738922790745745,0,0.4976959942128583,0.5,0.2561872321185126,0,2.4148246664005133,1.9,16.054818885720152,12
CSH,2013,1,1/2013,1.723452481521045,1,10.670082329212002,8,null,null,0.31267567074388203,0,0.4992489679486133,0.5,0.14098231296959005,0,0.0007199151040874421,0,11.62370919597974,9
DIS,2013,1,1/2013,1.1856823266219239,1,12.21270782997763,7,null,null,0.3237136465324385,0.5,0.4884116331096197,0.5,0.23973243847874734,0,0.013374496644295302,0,13.277940044742724,8
NOC,2013,1,1/2013,1.1895247391861388,1,10.66841315355988,5.5,null,null,0.33466261973033984,0.5,0.4874931364773351,0.5,0.22037642608748675,0,0.013832286010615582,0,11.72477762186567,6.5
UNK,2013,1,1/2013,1.8641380382403234,1,15.865854189336233,10.5,null,null,0.3405875952121872,0,0.49020674646354734,0.5,0.5789398414425616,0,3.1990066842841602,2,20.47474895072283,13.25
CRD,2013,2,2/2013,1.678380364911506,1,12.568487988769693,9.5,null,null,0.32281255321499913,0,0.49781009371898055,0.5,0.24895419726980572,0,2.408707366596334,1.9,16.046772199569634,12.2
CSH,2013,2,2/2013,1.7226175806144606,1,10.69088527952156,8,null,null,0.3072370659395452,0,0.4993043508106041,0.5,0.1363615681729259,0,0.0005414586292223671,0,11.634329723074046,9
DIS,2013,2,2/2013,1.209697217675941,1,13.089106996726677,7.5,null,null,0.33638502454991814,0.5,0.488031914893617,0.5,0.22763911620294608,0,0.017299509001636657,0,14.15846256137479,8.5
NOC,2013,2,2/2013,1.1897580266773913,1,10.874194651116028,5.5,null,null,0.33576379113881627,0.5,0.4877672766271198,0.5,0.18485655875058643,0,0.013243179837790739,0,11.895825457470343,6.5
UNK,2013,2,2/2013,1.8542074363992171,1,15.822992498369212,10.5,null,null,0.33724722765818654,0,0.4889921722113503,0.5,0.5637801696020877,0,3.1517889758643185,2,20.364801043705153,13.5
CRD,2013,3,3/2013,1.6897398993245962,1,12.885960806203023,9.5,null,null,0.3247823714238267,0.5,0.49770539196371155,0.5,0.2928880596451676,0,2.4630120738416346,1.9,16.464348703075366,12.5
CSH,2013,3,3/2013,1.740903906334973,1,11.065488427658078,8.5,null,null,0.3133847366212216,0,0.4991999148390852,0.5,0.16853889271481168,0,0.0011994593588728047,0,12.047811431193054,9
DIS,2013,3,3/2013,1.2349367509986684,1,13.661748501997337,8,null,null,0.34695406125166445,0.5,0.48639314247669774,0.5,0.27493425432756335,0,0.019810252996005327,0,14.789840213049278,9
NOC,2013,3,3/2013,1.2070496885735833,1,11.63490210317571,6,null,null,0.34474764684523646,0.5,0.4858950367287658,0.5,0.20547468089266266,0,0.015317710806357005,0,12.68633717844876,7
UNK,2013,3,3/2013,1.7495023732965855,1,16.129823916704947,10.5,null,null,0.3515541264737406,0,0.49295666819782574,0.5,0.5618006430868169,0,3.208061552595314,2,20.744196907058644,13.5
CRD,2013,4,4/2013,1.6856070758179051,1,13.128301847631718,10,null,null,0.332062465233201,0.5,0.4976836118872714,0.5,0.30442715791073044,0,2.503847116904804,2,16.76632219956409,12.6
CSH,2013,4,4/2013,1.739488386107691,1,11.271396567885544,8.5,null,null,0.3202432862271226,0,0.499146609222785,0.5,0.17462166774305724,0,0.0003736396878995094,0,12.265781770768223,9.5
DIS,2013,4,4/2013,1.2282524019735133,1,13.820218125162297,8.5,null,null,0.3471392711849736,0.5,0.4883580022504977,0.5,0.26813641478403877,0,0.09395481693066736,0,15.017806630312478,9.5
NOC,2013,4,4/2013,1.1860506653171792,1,11.81040812073944,6.5,null,null,0.33960944244336616,0.5,0.48617271455362726,0.5,0.20593367665882795,0,0.009380823385824428,0,12.85150477778111,7.5
UNK,2013,4,4/2013,1.9053704302814622,1,16.781894208993855,11,null,null,0.35587188612099646,0,0.49013264315755417,0.5,0.6539954707214497,0,3.2863151083791635,2,21.56820931737303,14
CRD,2013,5,5/2013,1.690823952258655,1,13.471717674110076,10,null,null,0.32645382085725433,0.5,0.4975322654047363,0.5,0.32795438283352557,0,2.5587954742992842,2,17.182453617504763,13
CSH,2013,5,5/2013,1.745085750341478,1,11.582635469217049,8.5,null,null,0.31478591728629174,0,0.49905282898828446,0.5,0.19306428528090455,0,0.0003129490363579864,0,12.589882306949223,9.5
DIS,2013,5,5/2013,1.2356025758969642,1,14.091091996320145,8.5,null,null,0.3437902483900644,0.5,0.48426862925482983,0.5,0.3142088316467342,0,0.004185832566697332,0,15.237545538178475,9.5
NOC,2013,5,5/2013,1.2236506172468686,1,11.897967140239691,6.5,null,null,0.3313008740576097,0.5,0.4840056468326675,0.5,0.21767008079776543,0,0.0019418496380620553,0,12.93288559156581,7
UNK,2013,5,5/2013,1.8397219463753725,1,17.68029592850049,11.5,null,null,0.35044687189672297,0,0.49016881827209535,0.5,0.6924985104270112,0,3.436599801390268,2,22.65000993048659,14.5
CRD,2013,6,6/2013,1.699542525201953,1,13.476471106249486,10,null,null,0.3247798982487547,0.5,0.49754474653559577,0.5,0.3234400365277543,0,2.5632204155404734,2,17.185456201808446,13
CSH,2013,6,6/2013,1.75132904538568,1,11.584889084949507,9,null,null,0.3094027054045602,0,0.4991188620118392,0.5,0.1898560114460744,0,0.0006257101040131687,0,12.584036380628659,9.5
DIS,2013,6,6/2013,1.2301300224850915,1,14.16560563104898,8,null,null,0.3336484504839183,0.5,0.4863623032554502,0.5,0.29734773682666926,0,0.008197282236777789,0,15.2911614038518,9
NOC,2013,6,6/2013,1.2276346310576138,1,11.906976678578145,6,null,null,0.325810294025453,0.5,0.48313585355150146,0.5,0.2105463607297349,0,0.011520280860134161,0,12.937989467744991,7
UNK,2013,6,6/2013,2.207692307692308,1,17.342192307692308,11,null,null,0.21153846153846154,0,0.49038461538461536,0.5,0.6506538461538462,0,3.084923076923077,2,21.779692307692304,13.5
CRD,2013,7,7/2013,1.69537842731985,1,13.164270575828027,10,null,null,0.3330959964197417,0.5,0.49762322057874436,0.5,0.30403548266569563,0,2.502841396967772,2,16.801866671102616,12.6
CSH,2013,7,7/2013,1.7610203188645124,1,11.405644682158975,8.5,null,null,0.31930944092605795,0,0.49907909702838404,0.5,0.18263339438774295,0,0.0005668361626836249,0,12.407451318669635,9.5
DIS,2013,7,7/2013,1.2473487824037706,1,13.543559505106048,7.5,null,null,0.35554006284367634,0.5,0.48615475255302437,0.5,0.30661429693637093,0,0.04308621366849961,0,14.73495483110764,8.5
NOC,2013,7,7/2013,1.2453102896857124,1,11.428240666707671,5.5,null,null,0.3414438157328249,0.5,0.483962728335076,0.5,0.24843286795005817,0,0.04625468971031429,0,12.548334768435979,6.5
UNK,2013,7,7/2013,1.9213973799126638,1,10.395196506550219,8,null,null,0.39082969432314413,0.5,0.5,0.5,0.4024017467248907,0,2.1491703056768556,1.5,13.83759825327511,10.5
CRD,2013,8,8/2013,1.6662065850528773,1,13.324124037152304,10,null,null,0.3365147660379644,0.5,0.4974628853319532,0.5,0.3312051694931052,0,2.5388296586153096,2,17.02813391696439,12.6
CSH,2013,8,8/2013,1.7455029024364623,1,11.66116428944121,8.5,null,null,0.32451195156349283,0,0.4982776781885904,0.5,0.20860034026774915,0,0.00048363666420420196,0,12.905028177119258,9.5
DIS,2013,8,8/2013,1.2799846109454651,1,15.04008944887948,7.5,null,null,0.40812926805809363,0.5,0.48437433875156294,0.5,0.6586515340963726,0,0.03286524959122824,0,16.624109839376775,9
NOC,2013,8,8/2013,1.2547725520431765,1,17.942035466461085,5,null,null,0.3488626060138782,0.5,0.46948928296067843,0.5,0.49074417887432414,0,0.0320212798766384,0,19.2831534309945,6
UNK,2013,8,8/2013,2.103210672921859,1,12.472188828617503,10,null,null,0.3252455651663979,0,0.49897375751356104,0.5,0.31050579093974506,0,2.2826726286468224,1.8,15.898982553877756,12.5
CRD,2013,9,9/2013,1.6887420744641009,1,13.554111534872108,10,null,null,0.3235989490933745,0.5,0.49746993933397976,0.5,0.3315188821167481,0,2.586144284236315,2,17.292843585781114,13
CSH,2013,9,9/2013,1.741672094671184,1,11.711265175619271,9,null,null,0.3095072845516871,0,0.4990069773181502,0.5,0.1990993668317148,0,0.0004306644513623231,0,12.719608501465737,9.5
DIS,2013,9,9/2013,1.2378048780487805,1,13.58741676345335,7.5,null,null,0.3462543554006969,0.5,0.4867886178861789,0.5,0.33167537746806036,0,0.0053581107239643825,0,14.757493224932261,8.5
NOC,2013,9,9/2013,1.2170725243661848,1,11.196429728217662,5.5,null,null,0.33612084449810076,0.5,0.4840699626041636,0.5,0.23830629251199908,0,0.007222402167191779,0,12.262149229999148,6.5
UNK,2013,9,9/2013,2.1348070039663347,1,12.747255006288091,10,null,null,0.30439198993905386,0,0.4988633065686369,0.5,0.27904130792299525,0,2.3464075650575613,1.8,16.177180032891567,12.89
CRD,2013,10,10/2013,1.670112968890076,1,13.452712241851616,10,null,null,0.3266975300486486,0.5,0.49751340166364155,0.5,0.3384189015582929,0,2.592829218750509,2,17.208171292667195,13
CSH,2013,10,10/2013,1.7269502200464653,1,11.62832987207039,9,null,null,0.3122674120853884,0,0.49902332276992917,0.5,0.2015632907184642,0,0.0003052372485524777,0,12.64183764070996,9.5
DIS,2013,10,10/2013,1.2238735327527452,1,12.97784361984097,7.5,null,null,0.3495834911018554,0.5,0.4874574024990534,0.5,0.3069282468761835,0,0.007474441499432033,0,14.129287201817505,8.5
NOC,2013,10,10/2013,1.2177723916351952,1,11.0118868722169,5.5,null,null,0.34589397440955977,0.5,0.485513781635759,0.5,0.23954653063525147,0,0.004195930330871991,0,12.087037089228376,6.5
UNK,2013,10,10/2013,2.130597290186146,1,13.027352152851208,10.5,null,null,0.32021049007795016,0,0.4993606609781887,0.5,0.2606312243342265,0,2.3829613691691036,1.89,16.49261366710111,13.11
CRD,2013,11,11/2013,1.6802486369478251,1,13.266550482963947,10,null,null,0.3071811915707306,0,0.4975148578761209,0.5,0.31312068124684345,0,2.554673323353799,2,16.939040558298334,13
CSH,2013,11,11/2013,1.7358531813973543,1,11.414190875914725,8.5,null,null,0.2909491781760073,0,0.4991095321437177,0.5,0.18164290606092184,0,0.00038383333967456786,0,12.386721331280663,9.5
DIS,2013,11,11/2013,1.2494068801897984,1,12.97885923289838,7,null,null,0.3405822459470147,0.5,0.4873467773823646,0.5,0.2957532621589562,0,0.005933175168050613,0,14.108474693554776,8
NOC,2013,11,11/2013,1.2279604599556184,1,10.839467996195857,5.5,null,null,0.33006224963255426,0.5,0.48531657972852243,0.5,0.23622265771347864,0,0.0070621631747312605,0,11.898131646445174,6.5
UNK,2013,11,11/2013,2.1285711588209746,1,12.833224758775657,10.5,null,null,0.2968050756245397,0,0.4991786098680111,0.5,0.2363537831152396,0,2.3351868426518614,1.8,16.202600502275367,13.1
CRD,2013,12,12/2013,1.692879566204297,1,13.537668536100647,10,null,null,0.3228219361781872,0.5,0.4971423349513787,0.5,0.3369691749525736,0,2.635776238113512,2,17.330379675982588,13
CSH,2013,12,12/2013,1.7587975476464464,1,11.58048383944814,8.5,null,null,0.30833625480229754,0,0.4990435858482446,0.5,0.19131411957928135,0,0.0003442468584743553,0,12.579868722160468,9.5
DIS,2013,12,12/2013,1.2722590868574823,1,13.364791522234325,7.5,null,null,0.35154006140437755,0.5,0.4861840150539764,0.5,0.3312726552441322,0,0.004590472417549767,0,14.538378726354376,8.5
NOC,2013,12,12/2013,1.2477903771279166,1,11.072444652854749,5.5,null,null,0.3467757978798988,0.5,0.48543496177565576,0.5,0.23604456191206957,0,0.0059956802228095605,0,12.146695654645216,6.5
UNK,2013,12,12/2013,2.131370122306348,1,12.873868848281887,10,null,null,0.3134009172976121,0,0.49907178217821785,0.5,0.23897732236458866,0,2.330234420500867,1.8,16.424449621432753,13.1
CRD,2014,1,1/2014,1.682200361108309,1,12.754685874490407,9.5,null,null,0.319888647657534,0,0.4976669081527537,0.5,0.291550195481485,0,2.493245421445381,1.9,16.357038562880916,12.38
CSH,2014,1,1/2014,1.7295086518920282,1,10.937467249276168,8,null,null,0.30382222295575634,0,0.49912079055267616,0.5,0.16575437253688294,0,0.00033503656524468204,0,11.906983711589323,9
DIS,2014,1,1/2014,1.2352059925093632,1,13.319529159978599,7.5,null,null,0.35120385232744783,0.5,0.4851257356875334,0.5,0.3148796147672553,0,0.010872124130551098,0,14.481610486891395,8.5
NOC,2014,1,1/2014,1.2118358692940883,1,10.997878835120979,5,null,null,0.33044400099775506,0.5,0.4861873285108506,0.5,0.22027001746071345,0,0.00476240957844849,0,12.039542591668773,6
UNK,2014,1,1/2014,2.1272550406791653,1,12.04458922886452,9.5,null,null,0.30655288291475064,0,0.4993441221554062,0.5,0.19649392760287657,0,2.18909650984553,1.7,15.395435532366477,12.38
CRD,2014,2,2/2014,1.678309799493876,1,12.791385291354676,9.5,null,null,0.3257772171836192,0.5,0.49774252810800645,0.5,0.2803436890563389,0,2.4894550050473403,1.9,16.38470502288929,12.5
CSH,2014,2,2/2014,1.7217405054302026,1,11.041304400026512,8.5,null,null,0.3093613513487923,0,0.49891632658858287,0.5,0.16420525692859808,0,0.00040193347409883256,0,12.014769609803409,9
DIS,2014,2,2/2014,1.2260528038402794,1,13.132772201614662,7,null,null,0.3578943923194414,0.5,0.48756273183504256,0.5,0.297678376609208,0,0.010744054113026402,0,14.28665175649139,8
NOC,2014,2,2/2014,1.1930216953701633,1,10.884673610889225,5.01,null,null,0.3457545451640732,0.5,0.4853180816052657,0.5,0.2092897082787488,0,0.009318465028596989,0,11.934354410965934,6
UNK,2014,2,2/2014,2.1348285483403724,1,11.825657066186897,9.5,null,null,0.3152606461646363,0,0.4993672526567765,0.5,0.16279476115693622,0,2.136129720828818,1.7,15.082278805251068,12.26
CRD,2014,3,3/2014,1.6735867908002,1,12.980192698904208,9.5,null,null,0.32171818650324085,0.5,0.4976584096145408,0.5,0.31363831528748887,0,2.5196718673735643,1.9,16.632880140707847,12.5
CSH,2014,3,3/2014,1.7239730746305792,1,11.148770374534752,8.5,null,null,0.3070065077254142,0,0.4991160910498894,0.5,0.18119444359143444,0,0.0003493621011803668,0,12.136952181404085,9
DIS,2014,3,3/2014,1.2212885154061626,1,13.297744646245594,7.5,null,null,0.3431372549019608,0.5,0.4863558326556429,0.5,0.32081865004066173,0,0.008002168609379235,0,14.456058552453262,8.5
NOC,2014,3,3/2014,1.1998145204027557,1,11.08477186009539,5.5,null,null,0.3446947535771065,0.5,0.48493640699523055,0.5,0.23833810280869058,0,0.008150768415474298,0,12.160891891891918,6.5
UNK,2014,3,3/2014,2.116506285683652,1,11.933913876752353,9.5,null,null,0.3069330152518294,0,0.49934328678264134,0.5,0.18882622564129992,0,2.153137614924812,1.7,15.21436285415608,12.29
CRD,2014,4,4/2014,1.6697648771118152,1,13.19090108608912,10,null,null,0.3309828714416601,0.5,0.4977350903498108,0.5,0.31760623480617606,0,2.5539059792643934,2,16.891132915732765,12.6
CSH,2014,4,4/2014,1.735265367510373,1,11.527579862227732,8.5,null,null,0.3177873017211402,0,0.499072661505599,0.5,0.1933246776293282,0,0.0003069890765244628,0,12.53849982613433,9.5
DIS,2014,4,4/2014,1.2321349312028407,1,13.482310696848645,8,null,null,0.34589613848202394,0.5,0.4869063470927652,0.5,0.36148513093652934,0,0.004387927208166889,0,14.680986240568147,9
NOC,2014,4,4/2014,1.2222013725069698,1,11.38950353849453,5.5,null,null,0.353407141325327,0.5,0.48591303881621273,0.5,0.25067847951962235,0,0.009059082135963972,0,12.488561280291691,7
UNK,2014,4,4/2014,2.1119767097069846,1,11.883049842305308,9.5,null,null,0.32065261341887485,0,0.49946761193627515,0.5,0.17403226676011488,0,2.132314607650208,1.7,15.143855972181036,12.38
CRD,2014,5,5/2014,1.6749114432934675,1,13.7748418561628,10.5,null,null,0.32062521805643673,0.5,0.4973160825145717,0.5,0.35795391374983593,0,2.6579577157300216,2,17.60869631720194,13.1
CSH,2014,5,5/2014,1.7324607211848035,1,11.935603982614294,9,null,null,0.3080058725048294,0,0.4989001126851256,0.5,0.2183715969091829,0,0.00048091274951706365,0,12.961752865423925,9.5
DIS,2014,5,5/2014,1.2365425272402017,1,13.78917628882745,8,null,null,0.3388111888111888,0.5,0.48564807285737516,0.5,0.37764026671003437,0,0.006236786469344609,0,14.99751260367541,9
NOC,2014,5,5/2014,1.2167110113017794,1,11.565785388239314,6,null,null,0.345214929089267,0.5,0.4846949984133571,0.5,0.27265286694168456,0,0.011946200600483316,0,12.680294383284144,7
UNK,2014,5,5/2014,2.1107672170486618,1,12.123924573578938,10,null,null,0.3055301801126215,0,0.4995432420271873,0.5,0.18632030323275536,0,2.1709804616664097,1.7,15.399395443327954,12.5
CRD,2014,6,6/2014,1.6749072406370595,1,13.755953966137039,10.5,null,null,0.32688230704086985,0.5,0.49736343999430316,0.5,0.36096132522033914,0,2.659175534010973,2,17.60034615132656,13.1
CSH,2014,6,6/2014,1.735101801423798,1,11.91916360574705,9,null,null,0.31379049300437567,0,0.4989111373796484,0.5,0.21855682228440085,0,0.0004083801125489108,0,12.95128598526534,9.5
DIS,2014,6,6/2014,1.2304826692581794,1,13.501042274052478,8,null,null,0.35000242954324584,0.5,0.4859086491739553,0.5,0.36140994493035355,0,0.010161969549724653,0,14.70852526724979,9
NOC,2014,6,6/2014,1.2149769050138053,1,11.934905426676645,6,null,null,0.34115216886434596,0.5,0.4835496606714319,0.5,0.27432043970789294,0,0.01128686811343638,0,13.045214564033806,7
UNK,2014,6,6/2014,2.109748413174113,1,12.158521216592128,10,null,null,0.31404552230777505,0,0.49946977730646874,0.5,0.19532159159020623,0,2.1769609786835,1.71,15.437362718428702,12.5
CRD,2014,7,7/2014,1.6699205754976336,1,13.373722314079975,10,null,null,0.33522247239083774,0.5,0.4975029907233961,0.5,0.3360098468426547,0,2.5852573367472087,2,17.12771522585329,12.85
CSH,2014,7,7/2014,1.7462301987244513,1,11.750599953270465,9,null,null,0.31919605700419945,0,0.4989608875258024,0.5,0.21215773987980685,0,0.00031964532210755305,0,12.781628064987505,9.5
DIS,2014,7,7/2014,1.2429683921209345,1,13.771354099862576,8,null,null,0.3273476866697206,0.5,0.48607420980302335,0.5,0.3915547411818599,0,0.0070013742556115435,0,14.983332111772796,9
NOC,2014,7,7/2014,1.22951967511553,1,11.990877748214535,6.5,null,null,0.3523024786444475,0.5,0.48368575829715726,0.5,0.2789519675115531,0,0.008718106707744014,0,13.114536059375475,7.5
UNK,2014,7,7/2014,2.085903575989783,1,12.087547892720307,9.5,null,null,0.32514367816091955,0,0.4993374840357599,0.5,0.19630332056194105,0,2.17066730523627,1.7,15.315397030651345,12.38
CRD,2014,8,8/2014,1.6754818067048358,1,13.476027261680617,10,null,null,0.33012789798233433,0.5,0.4973882587686398,0.5,0.34514510029308454,0,2.5925392941107313,2,17.241227808653896,13
CSH,2014,8,8/2014,1.7554802392426647,1,11.994243397293204,9,null,null,0.3141428007406399,0,0.49887531230018706,0.5,0.22531334920480336,0,0.00029133093163142074,0,13.033273999383699,9.5
DIS,2014,8,8/2014,1.2547126855477644,1,14.381166560422548,8.5,null,null,0.3343957745196248,0.5,0.48615790911574536,0.5,0.3968008378107644,0,0.009101174756397414,0,15.607622256625104,9.5
NOC,2014,8,8/2014,1.244459406385008,1,12.43230095943444,6.5,null,null,0.34821578858777985,0.5,0.4841496942153397,0.5,0.2826535936710987,0,0.007496212758794816,0,13.554816248667503,7.5
UNK,2014,8,8/2014,2.0864375748186745,1,12.037107950144357,9.5,null,null,0.3195109499331033,0,0.4993134286317865,0.5,0.20709756355186196,0,2.158364551792121,1.7,15.221394444053235,12.05
CRD,2014,9,9/2014,1.658742240189946,1,13.677752492548883,10.5,null,null,0.324126140716457,0.5,0.49750726114830374,0.5,0.3436197042755766,0,2.6377273941917396,2,17.48073508250793,13.1
CSH,2014,9,9/2014,1.7162777729423753,1,11.997556748937056,9,null,null,0.3097520985388366,0,0.49892200549471544,0.5,0.2167424456049514,0,0.00026472555590614815,0,13.023612679409327,9.5
DIS,2014,9,9/2014,1.216854724964739,1,13.48808973906911,8,null,null,0.3248060648801128,0.5,0.48660084626234135,0.5,0.32806505641748945,0,0.002641043723554302,0,14.630202750352623,9
NOC,2014,9,9/2014,1.2234124969946305,1,12.00381294579649,6,null,null,0.33642775091496807,0.5,0.4848395800496888,0.5,0.26465979216199603,0,0.004450084150348623,0,13.094190153073532,7
UNK,2014,9,9/2014,2.076586675086833,1,11.97470524155352,9.5,null,null,0.3097726555099463,0,0.49950268392800756,0.5,0.18637827597094997,0,2.142873697505521,1.7,15.113232554467979,12.2
CRD,2014,10,10/2014,1.6567278490749515,1,13.579823852877315,10,null,null,0.32537179874950856,0.5,0.4975464162328376,0.5,0.3475533355777011,0,2.6326008189745465,2,17.38289627938704,13
CSH,2014,10,10/2014,1.7183870574341142,1,11.912728545863684,9,null,null,0.3102790992420711,0,0.49893127253535835,0.5,0.21429711151449046,0,0.0002716746394474645,0,12.936862587132243,10
DIS,2014,10,10/2014,1.2182762375408325,1,13.505008794706425,8.5,null,null,0.3384705586732557,0.5,0.4872686154619315,0.5,0.3217380015076642,0,0.001574671245497948,0,14.654060641594793,9
NOC,2014,10,10/2014,1.2228175932127707,1,11.976450100468854,6.5,null,null,0.34265088933541715,0.5,0.4850164967378631,0.5,0.26278584009327427,0,0.006611098707548808,0,13.073514425343006,7.5
UNK,2014,10,10/2014,2.0714503816793894,1,11.739331152308251,9.5,null,null,0.30982915303525993,0,0.4995856052344602,0.5,0.17862391857506307,0,2.09114358415121,1.7,14.81851341330426,12
CRD,2014,11,11/2014,1.665559923216151,1,13.553182219989713,10,null,null,0.2966391376827445,0,0.4975226347905427,0.5,0.3362110925714706,0,2.619339155819073,2,17.30289424085087,13
CSH,2014,11,11/2014,1.720639908401334,1,11.7496140546326,9,null,null,0.2789040348593869,0,0.4989757943133249,0.5,0.1991584221706804,0,0.00031958083653929923,0,12.727489203555882,9.5
DIS,2014,11,11/2014,1.2162620947207605,1,13.462351892717704,8.5,null,null,0.3080970972670175,0,0.4882447801731455,0.5,0.30411899507723666,0,0.004281106773043626,0,14.567093872008165,9
NOC,2014,11,11/2014,1.2156535149723686,1,11.810813006040355,6,null,null,0.3144968513044596,0.5,0.48483485413185967,0.5,0.24815576404061143,0,0.008115923403161548,0,12.866416398920485,7
UNK,2014,11,11/2014,2.0704079188951865,1,11.575744392113036,9.5,null,null,0.27198052207232376,0,0.4996647241957372,0.5,0.16694691466432457,0,2.0438325217530076,1.62,14.558169074798434,11.9
CRD,2014,12,12/2014,1.663557227950904,1,13.650330289039587,10,null,null,0.32356177031232636,0.5,0.4973199400595056,0.5,0.3472423143709688,0,2.6702673136347315,2,17.488721627412396,13
CSH,2014,12,12/2014,1.7354301834403207,1,11.840537333022107,9,null,null,0.307983795223353,0,0.49898391840717765,0.5,0.20466321801278972,0,0.00017488033967662212,0,12.852867504882308,9.5
DIS,2014,12,12/2014,1.2432238377311076,1,13.902084006462035,8.5,null,null,0.3316137138754263,0.5,0.48887093879016336,0.5,0.33917519296356147,0,0.008662717644947047,0,15.070406569736157,9.5
NOC,2014,12,12/2014,1.2443697647589909,1,12.006063851131062,6.5,null,null,0.3429264683753825,0.5,0.48590560264834226,0.5,0.2674996238150168,0,0.005399006871645683,0,13.10779455284147,7.5
UNK,2014,12,12/2014,2.075286469448731,1,11.624708605575073,9.5,null,null,0.30007059132547526,0,0.4994500443247858,0.5,0.18605164658370762,0,2.064936960304695,1.62,14.675217848113718,11.9
CRD,2015,1,1/2015,1.6647001933131105,1,12.500012821961228,9.5,0.28566567953396965,0.3,0.3154821663609802,0,0.49787411430949874,0.5,0.28561111327650446,0,2.9986697140943908,1.95,16.896981282520255,12.3
CSH,2015,1,1/2015,1.7132517922333992,1,10.948272925699882,8,0.27920793313729614,0.3,0.2965367505956118,0,0.4986112085859431,0.5,0.17277890963939974,0,0.00021070551891193997,0,12.215924247494563,9.3
DIS,2015,1,1/2015,1.361783865040922,1,9.715239685986298,6,0.26577584766994383,0.3,0.19891431434775347,0,0.3223233672958076,0.5,0.47171454818773884,0,-0.02111241022214799,0,10.892157173877456,7.3
NOC,2015,1,1/2015,1.2394140180142872,1,10.400369603478646,5.5,0.26277564965324435,0.3,0.3180290402733202,0,0.4352417434517031,0.5,0.4243534527383772,0,0.0005914173309866446,0,11.856002691786458,6.8
UNK,2015,1,1/2015,2,2,3,3,0.15,0.15,0,0,0.25,0.25,0,0,0,0,3.4,3.4
CRD,2015,2,2/2015,1.6561135491498593,1,12.921748692476402,9.5,0.29990441553561276,0.3,0.3170386182832868,0,0.49776628267556383,0.5,0.2980388011359152,0,2.6019190750671655,2,16.93639666033309,12.85
CSH,2015,2,2/2015,1.6992699178606614,1,11.282072645234766,8.5,0.2998888631089429,0.3,0.30035140329300536,0,0.4986888452548513,0.5,0.17317426445729506,0,0.0002686159390013677,0,12.59128859008082,9.8
DIS,2015,2,2/2015,1.3277230866941887,1,35.11581375039696,6.5,0.2997618291520904,0.3,0.22105668466179743,0,0.33197046681486186,0.5,0.3480731978405839,0,-0.011383772626230549,0,36.21522070498469,7.3
NOC,2015,2,2/2015,1.22469280280866,1,10.69695321444018,6,0.29965654972403843,0.3,0.3019032233444425,0,0.43348512987508586,0.5,0.3561441982344098,0,0.010563004045081032,0,12.075701783395772,7.3
UNK,2015,2,2/2015,1,1,3,3,0.3,0.3,0,0,0.5,0.5,0,0,0,0,3.8,3.8
CRD,2015,3,3/2015,1.6549913961567724,1,13.281975739330264,10,0.29992976165769847,0.3,0.3216646407577021,0,0.4976592155318713,0.5,0.34162535206558897,0,2.681607415694543,2,17.424446034406525,12.96
CSH,2015,3,3/2015,1.703225799811234,1,11.619989186607743,8.5,0.29991588897450966,0.3,0.3057664879530412,0,0.49859180730629615,0.5,0.20613765512214657,0,0.00022033753511058873,0,13.04530110894399,9.8
DIS,2015,3,3/2015,1.3316195372750643,1,46.187724935732675,6.5,0.2990145672664735,0.3,0.22411239645815484,0,0.34575049985718365,0.5,0.4248293344758632,0,-0.006544558697514996,0,47.39014138818202,7.8
NOC,2015,3,3/2015,1.2344137339851262,1,12.273299121933151,6,0.29935361304828684,0.3,0.30894724648425737,0,0.43426777564117414,0.5,0.4955899728934497,0,0.004021268215833006,0,13.791725783654591,7.3
UNK,2015,3,3/2015,0.5,0.5,6,6,0.15,0.15,0.25,0.25,0.25,0.25,0,0,0,0,6.65,6.65
CRD,2015,4,4/2015,1.655084058010716,1,13.436655020953722,10,0.299921413473227,0.3,0.3276098279411988,0.5,0.4977578876386027,0.5,0.34730276072954264,0,2.7027916458596373,2,17.612027720874817,13.3
CSH,2015,4,4/2015,1.7174421562200803,1,11.939652658156735,9,0.2998610384534756,0.3,0.31181487715757455,0,0.49863405757392154,0.5,0.22003933521778773,0,0.0002274296041870439,0,13.405974736852466,9.8
DIS,2015,4,4/2015,1.3333102923895763,1,10.456800304140456,7,0.25311398354874937,0.3,0.23833552222299026,0,0.3540125803552914,0.5,0.6884371327849577,0,-0.004318103269509919,0,11.954258657635538,8.3
NOC,2015,4,4/2015,1.2556112341218972,1,12.163958279920783,6.5,0.2851066309288925,0.3,0.33752336557510787,0,0.4348397622654702,0.5,0.49876214893369697,0,0.00465470224915511,0,13.715736394355424,7.8
UNK,2015,4,4/2015,0.75,1,3.125,3,0.22499999999999998,0.3,0,0,0.375,0.5,0,0,0,0,3.7249999999999996,3.8
CRD,2015,5,5/2015,1.6663303936098395,1,13.88410391094841,10.5,0.29995834071597405,0.3,0.31363199904302513,0,0.4975596957192534,0.5,0.3774512295808501,0,2.7829009979617303,2,18.15560670084957,13.55
CSH,2015,5,5/2015,1.7240818951899115,1,12.26059760528807,9,0.2998469884288302,0.3,0.2978279097547504,0,0.4985715459612537,0.5,0.24016323864749112,0,0.0003947091191452078,0,13.599327633865979,10.3
DIS,2015,5,5/2015,1.3388628593136633,1,15.596011143472209,7.5,0.22670001266302475,0.3,0.2534126883626694,0,0.3788590604026846,0.5,0.43674559959478226,0,-0.01800873749525136,0,16.87367228061267,8.8
NOC,2015,5,5/2015,1.2721383717087142,1,11.76988476368845,6.5,0.27480224743862813,0.3,0.2893907678748485,0,0.4348991957695274,0.5,0.5370838382725558,0,0.0025358598655943593,0,13.308540266606153,7.8
UNK,2015,5,5/2015,1.3333333333333333,1,26.433333333333334,13.5,0.19999999999999998,0.3,0.16666666666666666,0,0.3333333333333333,0.5,0,0,0,0,27.133333333333336,14.3
CRD,2015,6,6/2015,1.6611642287899935,1,13.755540711367889,10,0.29994835716018137,0.3,0.32889692509986207,0.5,0.4977022107051503,0.5,0.3656974369164777,0,2.7723584819506395,2,18.020144187858378,13.5
CSH,2015,6,6/2015,1.7220821217143378,1,12.175807240560394,9,0.2998292337248922,0.3,0.3144015199451578,0,0.49859622515732177,0.5,0.2303990042920276,0,0.00035773412700332123,0,13.521443668925757,10.3
DIS,2015,6,6/2015,1.3339703774486382,1,13.65550952153436,7.5,0.22575250836119318,0.3,0.25730666848679273,0,0.35994130093508975,0.5,0.5462978636270553,0,-0.0014183332195754554,0,15.03619957682154,8.8
NOC,2015,6,6/2015,1.2692813527477689,1,23.04857585721,6.5,0.27245890089248254,0.3,0.30485650540159703,0.5,0.4252679661813058,0.5,0.4321279943635501,0,0.024100986378581494,0,24.50735392202494,7.8
UNK,2015,6,6/2015,1.5,1.5,14.5,14.5,0.3,0.3,0.25,0.25,0.5,0.5,0,0,0,0,15.55,15.55
CRD,2015,7,7/2015,1.668047796108484,1,13.520382009450048,10,0.29990322617414616,0.3,0.3301359526095321,0.5,0.4976020146719732,0.5,0.35807662936330303,0,2.7221017276726966,2,17.728201444814175,13.3
CSH,2015,7,7/2015,1.7460573182895187,1,12.1795734420924,9,0.29981350170252796,0.3,0.3129659755658604,0,0.49853117418139964,0.5,0.23743567239673488,0,0.00009680738721031515,0,13.534170193900637,9.8
DIS,2015,7,7/2015,1.3426450047783578,1,11.2610703521282,7.5,0.22728809821361165,0.3,0.2588767183709476,0,0.36128059986767624,0.5,0.6984407851209281,0,-0.015047416011174004,0,12.791931191649757,8.8
NOC,2015,7,7/2015,1.283518467440636,1,16.51588099596301,6.5,0.27215967503329985,0.3,0.31708131691783054,0,0.42888643715052277,0.5,0.6810473659136012,0,-0.0018459918256814019,0,18.21314560818097,7.8
CRD,2015,8,8/2015,1.6692800663077925,1,13.52288602146512,10,0.29992902334706434,0.3,0.32647447791845585,0.5,0.4976372851789012,0.5,0.37080627684877127,0,2.715223464940622,2,17.732965928477206,12.96
CSH,2015,8,8/2015,1.7493023242702828,1,12.293291472006521,9,0.2998447471768488,0.3,0.30709305537806975,0,0.49837800493869855,0.5,0.250728448632217,0,0.00014316446918387444,0,13.650130914307317,9.8
DIS,2015,8,8/2015,1.3520850825636719,1,11.556978029666949,7.5,0.2319059613769819,0.3,0.24564301707248812,0,0.37202420934788694,0.5,0.5830324657150844,0,-0.011826196473551638,0,12.977665127344503,8.8
NOC,2015,8,8/2015,1.2969031831923379,1,12.029855702055226,6.5,0.2694383050072769,0.3,0.30376470289358026,0,0.42201636054162545,0.5,0.542338236414907,0,-0.0011574321062927115,0,13.566255874805735,7.8
UNK,2015,8,8/2015,0,0,0,0,0,0,0,0,0,0,0,0,0,0,0,0
CRD,2015,9,9/2015,1.661369168216664,1,13.795624581058265,10,0.2999319922335155,0.3,0.32362049902235696,0,0.49755065706146173,0.5,0.381523322997577,0,2.7739914870117968,2,18.072242539042875,13.3
CSH,2015,9,9/2015,1.7199920407375648,1,12.488374298993094,9,0.2998348669671672,0.3,0.30549345261640304,0,0.4982925794073574,0.5,0.25308885549284754,0,0.0001637519597397985,0,13.845724365091842,10.3
DIS,2015,9,9/2015,1.3178455548345231,1,12.26953861129137,8,0.23733290071382543,0.3,0.25626411421155093,0,0.3801427644386762,0.5,0.5974672290720298,0,0.0013348475016223237,0,13.742080467229238,8.8
NOC,2015,9,9/2015,1.262769662377866,1,12.380103269807513,6.5,0.27027425752160994,0.3,0.2796604430685886,0,0.422268308019735,0.5,0.4858827512818113,0,0.00801610718777208,0,13.84612073134939,7.8
UNK,2015,9,9/2015,0,0,0,0,0,0,0,0,0,0,0,0,0,0,0,0
CRD,2015,10,10/2015,1.6541449020152041,1,13.830684142190345,10,0.2999332638011306,0.3,0.3161005043593106,0,0.49760016333457746,0.5,0.38375350132632163,0,2.789146553866057,2,18.1172180648524,13.5
CSH,2015,10,10/2015,1.7140661271948598,1,12.337813798429623,9,0.29983448271155394,0.3,0.29867112376371047,0,0.49832157003961103,0.5,0.2471675827720659,0,0.00017950460091089657,0,13.681950689154235,10.3
DIS,2015,10,10/2015,1.3294390972452705,1,11.218007965482908,7.5,0.22902754729503996,0.3,0.24311317623630932,0,0.3643544639893794,0.5,0.5594689678061724,0,-0.03839362761367408,0,12.57557849319686,8.8
NOC,2015,10,10/2015,1.2633199464524765,1,15.986493975903636,6.5,0.2700000000000635,0.3,0.2868067826863008,0,0.4238748326639893,0.5,0.5600169567157545,0,-0.000501338688085676,0,17.526691209278706,7.8
UNK,2015,10,10/2015,1,1,6,6,0,0,0,0,0,0,0,0,0,0,6,6
CRD,2015,11,11/2015,1.654520734081639,1,13.740855936381346,10,0.29994434994117253,0.3,0.3021339304403754,0,0.4975488056338324,0.5,0.3902636614446592,0,2.774409971751031,2,18.005156655209653,13.3
CSH,2015,11,11/2015,1.7096547416598695,1,12.12456795248832,9,0.29988908694938643,0.3,0.28467588030541296,0,0.4983784722058512,0.5,0.23981282800760906,0,0.0001367231265492306,0,13.447432994018916,9.8
DIS,2015,11,11/2015,1.3261619795873412,1,11.099240032307796,7.5,0.22904765401276816,0.3,0.23392613260885528,0,0.3662265951978853,0.5,0.5267236948380928,0,-0.013085395403480433,0,12.442100741611887,8.8
NOC,2015,11,11/2015,1.258276545357885,1,14.62009617708187,6,0.26955197912143275,0.3,0.2761572664443478,0,0.42213595282973276,0.5,0.5358056642984999,0,-0.0014892948625006045,0,16.12225774490897,7.3
UNK,2015,11,11/2015,0.75,0.5,57.865,41.75,0.3,0.3,0.125,0,0.375,0.5,5.3975,2.77,0.5,0,64.5625,51.324999999999996
CRD,2015,12,12/2015,1.6604174352594576,1,13.67703200974399,10,0.29994543485501557,0.3,0.3256987245413147,0.5,0.49742236312683547,0.5,0.37332966313632626,0,2.782948051329392,2,17.956376218767012,13.3
CSH,2015,12,12/2015,1.7266739745033317,1,12.522966128342697,9,0.2998591368306551,0.3,0.30881680950703333,0,0.4984918915427446,0.5,0.23357147606063386,0,0.00015877391125970747,0,13.86384157840823,10.3
DIS,2015,12,12/2015,1.3442872256016927,1,11.938151282729436,8,0.23150621528694806,0.3,0.29608040201005026,0,0.3694128537423962,0.5,0.5537351229833367,0,-0.00037952922507273267,0,13.38850634752775,9.3
NOC,2015,12,12/2015,1.2844469525959368,1,11.506968848758477,6.5,0.2691941309255585,0.3,0.3123668171557562,0,0.4188487584650113,0.5,0.5270056433408602,0,-0.002656207674943567,0,13.031734762977631,7.8
UNK,2015,12,12/2015,1.3333333333333333,1,27.166666666666668,29.5,0.3,0.3,0.3333333333333333,0,0.5,0.5,1.8466666666666667,0,3.3333333333333335,0,33.48,40.3
CRD,2016,1,1/2016,1.6569045948284349,1,12.999105563199807,9.5,0.2999621079425536,0.3,0.31999250931739814,0,0.4979311985189643,0.5,0.33812538809513687,0,2.6585374564094493,2,17.113655580912045,12.6
CSH,2016,1,1/2016,1.7036776632633535,1,11.500475424039616,8.5,0.29987779049540486,0.3,0.3000101530497393,0,0.49851786977584084,0.5,0.20229777942165778,0,0.0001129411098617144,0,12.801253801273761,9.3
DIS,2016,1,1/2016,1.3163858655136425,1,11.100753690174434,7.5,0.22865662740419324,0.3,0.2548501565528552,0,0.3641717608468764,0.5,0.6063336812285662,0,-0.013314447592067988,0,12.541451468615747,8.8
NOC,2016,1,1/2016,1.2630095516467457,1,11.393031734432936,6,0.2653635367191048,0.3,0.2897176261809072,0,0.4141901978182578,0.5,0.5007991022496038,0,0.012446891800198338,0,12.875549089197404,7.3
UNK,2016,1,1/2016,1,1,10,10,0.3,0.3,1,1,0.5,0.5,0,0,0,0,11.8,11.8
CRD,2016,2,2/2016,1.643276783267135,1,12.871174598627737,9.5,0.29994870457535194,0.3,0.33678078022555363,0,0.49794629447222505,0.5,0.3315708792013143,0,2.626469719925691,2,16.963890976816344,12.7
CSH,2016,2,2/2016,1.686155673511221,1,11.410425328607433,8.5,0.2998619628023177,0.3,0.31624219352570904,0,0.4986293562642219,0.5,0.19353218815982262,0,0.0002451925937441821,0,12.718893048612607,9.3
DIS,2016,2,2/2016,1.2894700236472387,1,11.176115593267495,7.5,0.23250104326052015,0.3,0.2842718041452219,0,0.3735220475726805,0.5,0.3926895256642084,0,-0.005394352482960079,0,12.45370566142802,8.8
NOC,2016,2,2/2016,1.26115345465379,1,16.53229499242784,6.5,0.2655006330843008,0.3,0.3701559125102411,0.5,0.41653541547704764,0.5,0.6089565282157009,0,0.0022604831301670843,0,18.19570396484175,7.8
CRD,2016,3,3/2016,1.643198891971941,1,13.245085605357662,9.5,0.2999553881988403,0.3,0.3508570566023247,0.5,0.49784167500879345,0.5,0.360382634708096,0,2.693038524997518,2,17.44716068770536,12.95
CSH,2016,3,3/2016,1.6985766088618468,1,11.861485738351732,8.5,0.29986191969423437,0.3,0.3349318628515535,0,0.49856432997081773,0.5,0.21978303726907406,0,0.00009887293412509294,0,13.214688889851592,9.8
DIS,2016,3,3/2016,1.3003324713705209,1,11.541557074251937,8,0.2349833764314687,0.3,0.287593892377786,0,0.3774781430858269,0.5,0.5295480852111798,0,0.0002204162049008744,0,12.971380987563917,9.3
NOC,2016,3,3/2016,1.2748677700051185,1,15.04096463914011,7,0.26916055280675294,0.3,0.3518190155263607,0.5,0.4242305067394643,0.5,0.60694868623103,0,-0.0008705852243644429,0,16.69225921344145,8.3
CRD,2016,4,4/2016,1.6427116694493182,1,13.407922986967037,10,0.2996874596986899,0.3,0.34002270538419577,0,0.49731593101163374,0.5,0.35482668607859114,0,2.709051774118934,2,17.60883062059971,12.96
CSH,2016,4,4/2016,1.6992719336166302,1,11.994018971156452,9,0.29984900229619693,0.3,0.3242401411104091,0,0.49847162345336005,0.5,0.2262492578749242,0,0.00008475774213064794,0,13.342875083670858,9.8
DIS,2016,4,4/2016,1.3251464085096212,1,11.510314330106366,8,0.23456435998564437,0.3,0.26283614198637506,0,0.37725588621967254,0.5,0.44109955778654164,0,-0.009315764312178797,0,12.81675451177303,9.3
NOC,2016,4,4/2016,1.2799648027487378,1,12.2475412205904,7,0.26942867318938035,0.3,0.34310804299092834,0.5,0.4226689153799418,0.5,0.5514200414824788,0,-0.004516980578659571,0,13.829649913052284,8.3
UNK,2016,4,4/2016,1,1,0,0,0,0,0,0,0,0,0,0,0,0,0,0
CRD,2016,5,5/2016,1.6448700662494038,1,13.848659801498478,10,0.2999424622922205,0.3,0.33501726658496866,0,0.49747402430172893,0.5,0.3884889142261474,0,2.7875369491575723,2,18.157119315044678,13.3
CSH,2016,5,5/2016,1.702496708200407,1,12.371633559148604,9,0.2998542916852329,0.3,0.3182337419414466,0,0.4983090206454759,0.5,0.24835514466243144,0,0.0000915968127214623,0,13.73640268012545,10.3
DIS,2016,5,5/2016,1.3011727723370814,1,12.019844033369598,8,0.23743199129486872,0.3,0.25496372869060574,0,0.37915608753476,0.5,0.5197823721436333,0,-0.006279772699794464,0,13.404898440334549,9.3
NOC,2016,5,5/2016,1.2871806158586607,1,12.222941235318855,7,0.26642189719689197,0.3,0.331116468916945,0,0.41892534864643155,0.5,0.5507407110986681,0,0.001388783288981372,0,13.791534444463366,8.3
UNK,2016,5,5/2016,0.6666666666666666,1,15.283333333333333,1,0.19999999999999998,0.3,0.3333333333333333,0,0.16666666666666666,0,0,0,3.8833333333333333,0,19.866666666666664,1.3
CRD,2016,6,6/2016,1.6390927974905873,1,13.881748114264916,10,0.29994490710819105,0.3,0.34608282777876925,0.5,0.4975544131025969,0.5,0.3874312093716354,0,2.801702355417818,2,18.218911992013112,13.5
CSH,2016,6,6/2016,1.6987842059537572,1,12.728016277943293,9,0.2998784925659103,0.3,0.3305305380049269,0,0.49838026973156135,0.5,0.2447419406692095,0,0.00006423525629456727,0,14.101973658913014,10.3
DIS,2016,6,6/2016,1.3156679151061172,1,24.2069257178527,8.5,0.23698501872657485,0.3,0.27833458177278403,0,0.3802671660424469,0.5,0.471194756554306,0,-0.009937578027465668,0,25.562674157300446,9.3
NOC,2016,6,6/2016,1.2952306290654068,1,13.05941881899275,7,0.2645443566328959,0.3,0.33326397864271035,0,0.41285463059092736,0.5,0.5381322965442736,0,-0.003998982986206751,0,14.603719304190195,8.3
UNK,2016,6,6/2016,1,1,11,11,0.3,0.3,1,1,0.5,0.5,0,0,0,0,12.8,12.8
CRD,2016,7,7/2016,1.645616489722582,1,13.685176494597572,10,0.299969274993906,0.3,0.3354765046431419,0,0.4975694329433052,0.5,0.3702788660498541,0,2.745571734077111,2,17.94046655704543,12.96
CSH,2016,7,7/2016,1.7200890050440256,1,12.591303579606121,9,0.29991276352064855,0.3,0.3155376200714302,0,0.4984823043291689,0.5,0.2431460544275024,0,0.00007246975414116843,0,13.948920812657622,9.8
DIS,2016,7,7/2016,1.3148035846641062,1,12.462929721716863,8.5,0.23901354356174237,0.3,0.27114075870898185,0,0.38120746580419107,0.5,0.5520119938009558,0,-0.012159557981268108,0,13.892698605215873,9.3
NOC,2016,7,7/2016,1.299295930567241,1,30.524396891467067,7,0.2633418943453489,0.3,0.3213598724704424,0,0.4115002435460302,0.5,0.5254284196076715,0,-0.001459726342824248,0,32.043660939650444,8.3
UNK,2016,7,7/2016,1,1,52,52,0.3,0.3,0,0,0.5,0.5,5.54,5.54,0,0,58.34,58.34
CRD,2016,8,8/2016,1.6403007971217747,1,13.54786900532934,10,0.2999748500046333,0.3,0.3533081603520059,0.5,0.4975774753161771,0.5,0.3600635942407013,0,2.722628679461638,2,17.78724515685794,12.96
CSH,2016,8,8/2016,1.7164573658792845,1,12.734709948651469,9,0.299920686011521,0.3,0.3370538766921672,0,0.49844432104175973,0.5,0.2468117263638445,0,0.00008598343771011566,0,14.117543579397642,10.3
DIS,2016,8,8/2016,1.3303949224259521,1,12.266363892806773,8.5,0.23259520451338497,0.3,0.27345486600846264,0,0.37105077574047957,0.5,0.5623342736248225,0,-0.007193229901269393,0,13.69736812411916,9.3
NOC,2016,8,8/2016,1.2988348342772258,1,12.541155185219582,7,0.2584230804939659,0.3,0.32859367746727325,0,0.408159409525578,0.5,0.5637088014112003,0,-0.0013283353449076221,0,14.097851870761849,8.3
UNK,2016,8,8/2016,1,1,11,11,0.3,0.3,1,1,0.5,0.5,0,0,0,0,12.8,12.8
CRD,2016,9,9/2016,1.6297528841790772,1,14.08806661717378,10,0.29996828659752844,0.3,0.3420312374882432,0,0.49743808683202584,0.5,0.376991147840969,0,2.8209120908059173,2,18.432792783615678,13.55
CSH,2016,9,9/2016,1.6857368616304986,1,13.214084703085001,9,0.2999270017509497,0.3,0.3265179048715155,0,0.4984060706263127,0.5,0.24527655205235882,0,0.00003313693816327187,0,14.584821319693226,10.3
DIS,2016,9,9/2016,1.2910369802911066,1,12.275800543213311,8,0.23579636464932952,0.3,0.27957239362072567,0,0.3778466467024166,0.5,0.42836478863430516,0,-0.005882025210669266,0,13.590683891636894,9.3
NOC,2016,9,9/2016,1.2778337926553291,1,27.3451146064395,7,0.2601398131344446,0.3,0.3131260782863929,0,0.4083103672335373,0.5,0.5315809639040154,0,0.004172212139544262,0,28.86135175103053,8.3
UNK,2016,9,9/2016,2,2,52.5,52.5,0.3,0.3,1,1,0.5,0.5,0,0,10.5,10.5,64.8,64.8
CRD,2016,10,10/2016,1.6285207528155718,1,13.796943534906493,10,0.29994957060101046,0.3,0.3270752163648683,0,0.49752554802549315,0.5,0.3598356228455861,0,2.7718206305774347,2,18.059469825157688,13.3
CSH,2016,10,10/2016,1.6879575397634334,1,12.434484175238385,9,0.299906053198519,0.3,0.30936876659713103,0,0.4984455685147607,0.5,0.2327306082385039,0,0.00004866487881737431,0,13.77543357639394,10.3
DIS,2016,10,10/2016,1.3117317716712786,1,23.30596563485424,8.5,0.23627003024646792,0.3,0.2635697277817105,0,0.37927151039320417,0.5,0.5315078190359734,0,-0.0021423515026707,0,24.71281099169854,9.8
NOC,2016,10,10/2016,1.2920406091370558,1,24.06582131979697,7,0.2617705583756728,0.3,0.303026192893401,0,0.4181644670050761,0.5,0.42100182741116965,0,-0.0027271065989847715,0,25.46630497461597,8.3
UNK,2016,10,10/2016,1.5,1.5,16.755,16.755,0.3,0.3,0,0,0.25,0.25,2.77,2.77,3.35,3.35,23.425,23.425
CRD,2016,11,11/2016,1.622427281996486,1,13.834354476328894,10,0.29991832557418746,0.3,0.3208003190524744,0,0.49746493395087044,0.5,0.368747335272117,0,2.7948519122460485,2,18.121497609811662,13.3
CSH,2016,11,11/2016,1.6787388826360925,1,12.379090162181988,9,0.2998882447585505,0.3,0.3042485954766662,0,0.4984256617117427,0.5,0.22530304663329664,0,0.000019912751405112297,0,13.707366413543324,10.3
DIS,2016,11,11/2016,1.300220598373087,1,25.862985661105757,8.5,0.23543361367709045,0.3,0.2525168895629395,0,0.37815386736522816,0.5,0.5033186267751267,0,-0.007170136495243348,0,27.22476285674777,9.3
NOC,2016,11,11/2016,1.2766605986198722,1,11.905861733203503,7,0.2606219042377808,0.3,0.3029846323186995,0,0.4088628762541806,0.5,0.4383559121121025,0,-0.0034050209559290446,0,13.312910545700744,8.3
CRD,2016,12,12/2016,1.6323683671941147,1,13.516329225367908,10,0.2999520714244123,0.3,0.3382244659833848,0,0.49733238122571866,0.5,0.33774287246951173,0,2.7522961759782407,2,17.74878651617662,12.96
CSH,2016,12,12/2016,1.6933791826262181,1,12.128749184516199,9,0.29991645964561553,0.3,0.320471728308947,0,0.49845715225854,0.5,0.2149353146971625,0,0.000013523637812341508,0,13.46297844213486,9.8
DIS,2016,12,12/2016,1.315119118326404,1,11.80738335643107,8,0.23718075628586807,0.3,0.2757209793440243,0,0.380419718867551,0.5,0.5017640071273006,0,-0.008922325612090016,0,13.191804263182986,9.3
NOC,2016,12,12/2016,1.2974759283465582,1,12.205681094316718,7,0.2629011175139245,0.3,0.32782001951506895,0,0.41413240790176187,0.5,0.4804950567962189,0,-0.0012543034409116852,0,13.688858552567378,8.3
UNK,2016,12,12/2016,1,1,19.5,19.5,0.3,0.3,0,0,0.5,0.5,0,0,0,0,20.3,20.3
CRD,2017,1,1/2017,1.617212527688389,1,12.736778955456137,9,0.2999676248341946,0.3,0.33093643595994027,0,0.4978391088800694,0.5,0.3179568063442738,0,2.613786377307604,1.96,16.80321473229553,12.35
CSH,2017,1,1/2017,1.6603301919638642,1,11.473331722320268,8,0.29993141535147233,0.3,0.308473338316875,0,0.4986019830086877,0.5,0.18683992688123743,0,0.000009281342974398566,0,12.767631947857183,9.3
DIS,2017,1,1/2017,1.290941543953592,1,11.553534880261786,7.5,0.23152610441765106,0.3,0.2715640339134315,0,0.3734486092518221,0.5,0.46233749814070985,0,-0.006462144875799494,0,12.885513907482727,8.8
NOC,2017,1,1/2017,1.2565820760019022,1,22.847962474601214,7,0.26191474644425317,0.3,0.3066067182568847,0,0.41575893822143445,0.5,0.4718838355453777,0,-0.0015487873416627032,0,24.30185811249193,7.8
UNK,2017,1,1/2017,1,1,0,0,0,0,0,0,0,0,0,0,0,0,0,0
CRD,2017,2,2/2017,1.615349109025666,1,12.815214603197546,9.5,0.2999371353376732,0.3,0.33797606542143704,0,0.4979005255813428,0.5,0.31309556182760506,0,2.622131884232724,2,16.891466045283305,12.36
CSH,2017,2,2/2017,1.6533965300310076,1,11.50430676252637,8.5,0.2999036607210834,0.3,0.31410474835091395,0,0.4986598802164035,0.5,0.18438045418079596,0,0.0000039167446096504235,0,12.801636037938206,9.3
DIS,2017,2,2/2017,1.3032774618377732,1,11.382256809338518,8,0.2376608799760621,0.3,0.2721864711164322,0,0.3824827895839569,0.5,0.4763072433403164,0,-0.0018669560011972462,0,12.748881322957967,8.8
NOC,2017,2,2/2017,1.2558134335032645,1,18.933353456757047,7,0.26148376710492316,0.3,0.3121344244700832,0,0.41598068151328144,0.5,0.4734241123334357,0,-0.0020027278418746084,0,20.394045031767828,8.3
CRD,2017,3,3/2017,1.6075272154268472,1,13.414083854320369,9.5,0.2999418206846848,0.3,0.34688565959599976,0,0.4976264520877199,0.5,0.3539509986456278,0,2.7332198926993017,2,17.65196143263844,12.95
CSH,2017,3,3/2017,1.6487908282708732,1,11.786698036999455,8.5,0.29990581781615655,0.3,0.32801563430447567,0,0.49859741588599343,0.5,0.2103180528954863,0,3.0950438443910996e-7,0,13.123801936648178,9.8
DIS,2017,3,3/2017,1.3088156841824488,1,11.881090290744195,8,0.2393838356895127,0.3,0.31132968791677784,0,0.3858815684182449,0.5,0.577093891704455,0,-0.0008975726860496133,0,13.3929714590567,9.3
NOC,2017,3,3/2017,1.2527554225600803,1,15.504099399661756,7,0.26242960429718143,0.3,0.3300078062561567,0,0.41985558426110065,0.5,0.5918394885043642,0,-0.0018772187424493053,0,17.105482036322694,8.3
CRD,2017,4,4/2017,1.6101328291774164,1,13.48186082238803,9.5,0.2999015737308125,0.3,0.33355277175512466,0,0.49742725048933184,0.5,0.3680217977161512,0,2.7362473715549065,2,17.722046728910307,12.95
CSH,2017,4,4/2017,1.6681922322304876,1,12.218736438641304,8.5,0.2999146881748433,0.3,0.31445765382439045,0,0.4984204088982929,0.5,0.22896790004892112,0,5.941783321139982e-7,0,13.560638120278233,9.8
DIS,2017,4,4/2017,1.3281050752359091,1,12.423110813567966,8.5,0.23932670237182904,0.3,0.2628474878857434,0,0.38526523845957666,0.5,0.48718630451415523,0,-0.02343088497832186,0,13.774057000765826,9.3
NOC,2017,4,4/2017,1.2856801382708785,1,16.073617842827215,7.5,0.2619938954878711,0.3,0.3162959217445666,0,0.41591696392453936,0.5,0.5542663553120346,0,-0.0004460706799543999,0,17.621068473501023,8.8
UNK,2017,4,4/2017,1,1,4,4,0.3,0.3,0.5,0.5,0.5,0.5,0,0,0,0,5.3,5.3
CRD,2017,5,5/2017,1.6063058821724827,1,13.837944056692788,10,0.2999452516646732,0.3,0.3390413922243785,0,0.4975618227068161,0.5,0.3882512152454265,0,2.809729926371057,2,18.178258390550425,12.96
CSH,2017,5,5/2017,1.6555779641227046,1,12.232142678475004,9,0.2999039149314818,0.3,0.31965894878693757,0,0.49848648024995024,0.5,0.23720026028815058,0,6.614885954751103e-7,0,13.587605008390895,9.8
DIS,2017,5,5/2017,1.3191691469824585,1,67.12061110759294,8.5,0.24085871699067787,0.3,0.2693306313723007,0,0.38683427268697357,0.5,0.5866772212019533,0,0.0010410993603951616,0,68.60460262174894,9.8
NOC,2017,5,5/2017,1.2563920841737992,1,14.337384106562006,7.5,0.26176743171787403,0.3,0.312791618964546,0,0.4158938014501445,0.5,0.6266971960239209,0,-0.003663886314488724,0,15.950515909790404,8.8
CRD,2017,6,6/2017,1.6106384637843025,1,13.703427043784403,10,0.2999164185931249,0.3,0.34799436681205276,0,0.4975277844891928,0.5,0.38502450647094394,0,2.784558621044239,2,18.0253445763545,12.96
CSH,2017,6,6/2017,1.6597483048972528,1,12.422548451957969,9,0.29985537942391405,0.3,0.3280248213797673,0,0.49850880412290566,0.5,0.2322057060868773,0,0.0000019195981207459753,0,13.781419526806692,9.8
DIS,2017,6,6/2017,1.3183049535603715,1,12.659620098039207,8.5,0.24750386996902077,0.3,0.29808436532507737,0,0.3979295665634675,0.5,0.786042956656352,0,-0.00048439112487100094,0,14.387874097008293,9.8
NOC,2017,6,6/2017,1.2645340012143291,1,12.412715922890127,7.5,0.2617486338798588,0.3,0.30506792653309045,0,0.41414977990285373,0.5,0.5018454007286028,0,-0.0024239146933819062,0,13.892898831204237,8.3
UNK,2017,6,6/2017,1,1,10,10,0,0,0,0,0,0,0,0,0,0,10,10
CRD,2017,7,7/2017,1.621491336204026,1,13.566772116094032,10,0.29992036876375505,0.3,0.3381518534104708,0,0.497517414024456,0.5,0.3848998109115797,0,2.7385228968241746,2,17.83369927718504,12.95
CSH,2017,7,7/2017,1.6874285359335641,1,12.215300783254975,9,0.2998550851941564,0.3,0.3127866674208538,0,0.49838318308022395,0.5,0.24817881363510935,0,0.0000023770748653656026,0,13.575006331763516,9.8
DIS,2017,7,7/2017,1.336204557786218,1,12.694037574606625,8.5,0.24630358111777026,0.3,0.27129815518176886,0,0.39661896364622895,0.5,0.3902407759088482,0,-0.004698182311448723,0,13.993536353769993,9.8
NOC,2017,7,7/2017,1.2951689706530176,1,11.967504352751181,7,0.2578422940571424,0.3,0.2961926538146882,0,0.407632522917497,0.5,0.5409557173124045,0,0.0007761532168404276,0,13.470139078261305,8.3
CRD,2017,8,8/2017,1.614212360591448,1,13.488934798722818,9.5,0.2999228489671609,0.3,0.3549868083239566,0,0.4974972734201336,0.5,0.40114698786802466,0,2.7294412582337095,2,17.780897946865664,12.95
CSH,2017,8,8/2017,1.681405434033611,1,12.355769991087595,9,0.2998596217436638,0.3,0.3387557375695484,0,0.49836466810366886,0.5,0.25656638140187193,0,0.00000195760747620973,0,13.750199306044532,9.8
DIS,2017,8,8/2017,1.3280828410996863,1,34.724086633121864,8.5,0.24471669218988312,0.3,0.2923401152191351,0,0.39396776781156573,0.5,0.5956143805148435,0,-0.0002989863633048943,0,36.24884051629746,9.8
NOC,2017,8,8/2017,1.2964646687557928,1,17.503303835459263,7.5,0.25819172882559577,0.3,0.31931919495078787,0,0.4087774197819659,0.5,0.578294787482904,0,0.002570508010769299,0,19.0692459284075,8.3
CRD,2017,9,9/2017,1.614028234613779,1,13.79106132428198,10,0.29992808504782986,0.3,0.3383390016951016,0,0.49762164712505796,0.5,0.3929094176217376,0,2.7754808796580726,2,18.102489503350377,12.96
CSH,2017,9,9/2017,1.663229496167617,1,12.478232722759376,9,0.29984594199675974,0.3,0.3156969211733022,0,0.4984349271500712,0.5,0.24705228819867597,0,1.741279931296059e-7,0,13.839541169513955,9.8
DIS,2017,9,9/2017,1.2880430980200097,1,12.001574896802627,8,0.2433708808507603,0.3,0.2675785349471769,0,0.39141537815713984,0.5,0.46044497306373955,0,0.0017148254390260964,0,13.366099489261316,9.3
NOC,2017,9,9/2017,1.2620176032498307,1,11.829550397765772,7,0.26064658090731035,0.3,0.30312711577522006,0,0.4130955907244414,0.5,0.4747279113067073,0,-0.0022422985781990526,0,13.27869900981352,8.3
CRD,2017,10,10/2017,1.6024599477759633,1,13.689947041515714,10,0.29990527433869896,0.3,0.3371588242819195,0,0.497616808012703,0.5,0.3945454221195893,0,2.7690080096940273,2,17.99177002893781,12.96
CSH,2017,10,10/2017,1.6576087738129635,1,12.451663289173192,9,0.29987269028120034,0.3,0.31540041928858187,0,0.4983844021248136,0.5,0.24400984092671277,0,0.000003873222403372089,0,13.80942594944308,9.8
DIS,2017,10,10/2017,1.3030242472688516,1,12.808763655742066,8.5,0.24574340527577193,0.3,0.28086863842259524,0,0.397501998401279,0.5,0.444826805222491,0,0.0010971223021582735,0,14.178022248868423,9.8
NOC,2017,10,10/2017,1.2648256777035058,1,28.95689279519816,7.5,0.2614074406096596,0.3,0.30457194083370687,0,0.41465028355387523,0.5,0.48593202502290417,0,0.000008185060316099267,0,30.42327850644114,8.8
CRD,2017,11,11/2017,1.5973704466824488,1,13.604736908906041,10,0.29993608133998917,0.3,0.3252172571895485,0,0.4976499128912711,0.5,0.3892295360793653,0,2.766864410955819,2,17.88717033004727,12.96
CSH,2017,11,11/2017,1.6478351290689675,1,12.006501647788424,9,0.29987794351977637,0.3,0.3045944404841816,0,0.49851755477135057,0.5,0.22980661379586806,0,0,0,13.33933346566416,9.8
DIS,2017,11,11/2017,1.3047200545495872,1,12.916195166300472,8.5,0.2414955678460293,0.3,0.26171376619440867,0,0.39165391317524056,0.5,0.484895067808171,0,0.0020115160239412076,0,14.297669520419351,9.3
NOC,2017,11,11/2017,1.2585732007316919,1,20.038996026155907,7.5,0.26053278947045344,0.3,0.2971089758415508,0,0.4143272849603667,0.5,0.5327827421627023,0,-0.0009848405205946046,0,21.54255797817772,8.3
CRD,2017,12,12/2017,1.6147299944555038,1,13.36371227490552,9.5,0.2999501693259503,0.3,0.33040674652263663,0,0.49761096129129667,0.5,0.35963224892157825,0,2.736807440727842,2,17.592779858982308,12.95
CSH,2017,12,12/2017,1.6750202122469167,1,11.978486281963146,9,0.2998848929607167,0.3,0.30631375462124977,0,0.4985221557138118,0.5,0.22167838610517682,0,0.000008429072620364447,0,13.304953050819467,9.8
DIS,2017,12,12/2017,1.3432159051273107,1,11.877477502615973,8,0.2352284618067495,0.3,0.25441227764213464,0,0.3786536449250087,0.5,0.5376330659225693,0,-0.019576560865015694,0,13.263284269271931,9.3
NOC,2017,12,12/2017,1.2883707759108929,1,19.222155182178618,7.5,0.26126109118376717,0.3,0.3005437039833868,0,0.4148763451010006,0.5,0.4630668302812964,0,-0.005211251651878422,0,20.65647102134458,8.8
CRD,2018,1,1/2018,1.5970044697916446,1,12.674624508019757,9,0.29994802988422825,0.3,0.3324262091285954,0,0.49789531613661936,0.5,0.3460767775573832,0,2.609317869505223,1.96,16.765236346775843,12.3
CSH,2018,1,1/2018,1.6374706582366048,1,11.258981632565915,8,0.299861452623168,0.3,0.30727697278030763,0,0.49853711134307077,0.5,0.19759665901157736,0,0.0000030010261200849058,0,12.56230867811384,9.3
DIS,2018,1,1/2018,1.2699738462836412,1,11.00358812115076,7.5,0.2357630979498689,0.3,0.24761663713827722,0,0.3818442588374251,0.5,0.5576773812536948,0,0.0029182485446722353,0,12.428661098456914,8.8
NOC,2018,1,1/2018,1.24533061772398,1,11.169521836739433,7,0.25845117689270636,0.3,0.29614159742634294,0,0.4123385099636633,0.5,0.4133894970722379,0,-0.0007281227578864514,0,12.548663179573595,7.8
CRD,2018,2,2/2018,1.5869324412973915,1,12.646658205345213,9,0.2999413933792076,0.3,0.3339070807022108,0,0.4980304350511368,0.5,0.3463525628509946,0,2.591389726564557,1.96,16.72059370960983,12.35
CSH,2018,2,2/2018,1.6269622274786224,1,11.192836547656587,8,0.299855003993064,0.3,0.3092465479671942,0,0.49871092096164876,0.5,0.19372009559605352,0,0.0000013486099509432912,0,12.494394306701615,9.3
DIS,2018,2,2/2018,1.286624203821656,1,10.853602169048028,7.5,0.2332501291099917,0.3,0.25640385608538474,0,0.37661387502151833,0.5,0.37373300051643976,0,0.008300051644000687,0,12.101141332415649,8.3
NOC,2018,2,2/2018,1.245500984159715,1,11.027001124753976,7,0.25614162526951717,0.3,0.29538311931764927,0,0.41116997844221576,0.5,0.44538663417377783,0,0.0014738963351766815,0,12.436419298901471,8.3
CRD,2018,3,3/2018,1.5902671799072148,1,13.07990388249056,9.5,0.29993153846646453,0.3,0.34134802169610545,0,0.4977572479525943,0.5,0.37172910143152166,0,2.656250226567891,2,17.25201689587162,12.36
CSH,2018,3,3/2018,1.6349959270899164,1,11.539458042606492,8.5,0.3013038661918277,0.3,0.31875380720797963,0,0.49856875728451744,0.5,0.21557699797290708,0,0.000006262723385922141,0,12.87369363035828,9.3
DIS,2018,3,3/2018,1.275483918451461,1,11.403987635239567,7.5,0.23417973062484518,0.3,0.2553911827482152,0,0.37789799072642966,0.5,0.4311871642010762,0,-0.004237138441156989,0,12.698263045559088,8.8
NOC,2018,3,3/2018,1.2506965427932346,1,20.013944198092897,7,0.2553172703371608,0.3,0.30559431778048113,0,0.40682670800141274,0.5,0.3760350037279801,0,0.0046507475571949935,0,21.362023898299228,8.3
CRD,2018,4,4/2018,1.5864005005104946,1,13.402475703201537,9.5,0.29993133128098404,0.3,0.34079057907691784,0,0.4977983024929393,0.5,0.3922311773035756,0,2.702575371001905,2,17.640759595353785,12.8
CSH,2018,4,4/2018,1.6406461766833693,1,12.023446481212845,8.5,0.2999177727023492,0.3,0.319630709296949,0,0.4985691333171284,0.5,0.23381076254283412,0,0.0000010458734521974523,0,13.375501958180427,9.8
DIS,2018,4,4/2018,1.3044819871943223,1,11.904954871557516,8,0.2321453367275937,0.3,0.25531898480290055,0,0.37236750752140707,0.5,0.47055388413176136,0,-0.011223482218622233,0,13.222300393428258,9.3
NOC,2018,4,4/2018,1.266487451680631,1,12.18805682554012,7.5,0.2586464690070024,0.3,0.3112793595353492,0,0.41167847261738905,0.5,0.5344088848772698,0,0.0011637854914349631,0,13.70477464042131,8.8
CRD,2018,5,5/2018,1.5843780604411746,1,13.860070566720468,10,0.299924667268112,0.3,0.3417203770424397,0,0.49756338600676886,0.5,0.4172963171485982,0,2.7682020441735236,2,18.19024738658764,12.96
CSH,2018,5,5/2018,1.632750116726375,1,12.332301634674753,9,0.2999300905563273,0.3,0.3215790361236081,0,0.4984650039342115,0.5,0.25323027829815364,0,0,0,13.705566228661313,9.8
DIS,2018,5,5/2018,1.3073599414134016,1,12.27743903332113,8,0.23393628707431832,0.3,0.2715342365433907,0,0.37612596118637864,0.5,0.4611116807030398,0,-0.012180886122299525,0,13.606889783962572,9.3
NOC,2018,5,5/2018,1.2565364687126346,1,12.136618971701878,7.5,0.2557353527302314,0.3,0.31231167795934633,0,0.40774212833798323,0.5,0.46978676763651384,0,-0.0023720605819051417,0,13.579470107610021,8.8
CRD,2018,6,6/2018,1.5853821003165152,1,13.75149901528969,10,0.2999292905750794,0.3,0.3436045519758157,0,0.4975977133701483,0.5,0.41262151728388485,0,2.7453916764141737,2,18.055911279080757,12.96
CSH,2018,6,6/2018,1.6334505730860012,1,12.13825152366194,8.5,0.2998873852600777,0.3,0.32082695343323075,0,0.49844722731380037,0.5,0.24497489613900233,0,0.000013360027765489234,0,13.502489885136304,9.8
DIS,2018,6,6/2018,1.294022020246804,1,11.620271188945544,8,0.22531589448014078,0.3,0.25740781792654993,0,0.36403606000147787,0.5,0.6616759033473757,0,-0.011801522204980418,0,13.115819108846061,9.3
NOC,2018,6,6/2018,1.258182432860735,1,11.594798951972475,7.5,0.249948232510066,0.3,0.29858727576224986,0,0.39682422295941006,0.5,0.45196188222368444,0,-0.006366344792613096,0,12.985171044008721,8.8
CRD,2018,7,7/2018,1.5874573961232588,1,13.540146207967986,9.5,0.2999200666286325,0.3,0.3422554190551727,0,0.4975475980683611,0.5,0.3975952497269023,0,2.6916694570990827,2,17.774503590964375,12.95
CSH,2018,7,7/2018,1.652338947776003,1,12.183670990432915,8.5,0.29984483648616683,0.3,0.31527619266573087,0,0.49830949615217085,0.5,0.2537689769777481,0,0.000029060387525611853,0,13.551017585815638,9.8
DIS,2018,7,7/2018,1.31368021769605,1,18.990862538138067,8,0.20973035375606378,0.3,0.2313020532695638,0,0.3382947142739342,0.5,0.5026016327203803,0,-0.02401665704626041,0,20.2486138368884,8.8
NOC,2018,7,7/2018,1.283319954267922,1,43.61051448587909,7,0.2451215062395923,0.3,0.29636843513585825,0,0.38905470821474614,0.5,0.4483855116884439,0,-0.0023372010995159212,0,44.98691770660588,8.3
CRD,2018,8,8/2018,1.582753334272006,1,13.489157515702438,9.5,0.2999319018699939,0.3,0.3568445282542021,0,0.4976124124517486,0.5,0.4059211856226932,0,2.6783775818735087,2,17.73284384614689,12.88
CSH,2018,8,8/2018,1.6508643114485984,1,12.31018028639668,9,0.2998274544882173,0.3,0.3327242492534257,0,0.49836781332838387,0.5,0.2623484180520921,0,0.000047383509953704925,0,13.70358727755541,9.8
DIS,2018,8,8/2018,1.336036328251703,1,10.61236457995459,7.5,0.20218131689911156,0.3,0.22887609471294193,0,0.3263055465455725,0.5,0.37389069088550086,0,-0.004773759325332469,0,11.738686344470336,8.8
NOC,2018,8,8/2018,1.27109273832055,1,45.23264219543784,7,0.24557475844213808,0.3,0.3118213965534416,0,0.3910250024902879,0.5,0.46468248829565334,0,0.0026583823089949194,0,46.64809418269676,8.3
UNK,2018,8,8/2018,1,1,34.5,34.5,0.3,0.3,0.5,0.5,0.5,0.5,0,0,0,0,35.8,35.8
CRD,2018,9,9/2018,1.57728327038151,1,13.868164310937768,10,0.2999224167268376,0.3,0.3307380155098903,0,0.4975638686277643,0.5,0.40544751720147965,0,2.7346081180009696,2,18.14213181614621,12.96
CSH,2018,9,9/2018,1.622682148637366,1,12.415751329692053,9,0.29978895114506826,0.3,0.3057487052721766,0,0.4983359746033672,0.5,0.25749576006669644,0,0.00010798876765164556,0,13.777319511420348,9.8
DIS,2018,9,9/2018,1.3165538867799966,1,10.501662815646146,7.5,0.19698795180721426,0.3,0.19425647796666118,0,0.3170490179897673,0.5,0.40420613962700314,0,-0.00379022941079386,0,11.609889420697305,8.8
NOC,2018,9,9/2018,1.246347793845013,1,12.339271289086664,7,0.24433073785695156,0.3,0.2933753553330861,0,0.3875417130144605,0.5,0.45157755530837296,0,0.008136942281547398,0,13.723896180937565,8.3
CRD,2018,10,10/2018,1.5580025658814902,1,13.9108586237227,10,0.2999157723635685,0.3,0.34416182731389366,0,0.4975207664281261,0.5,0.41880630744692293,0,2.7573204794982114,2,18.233863496575815,13.05
CSH,2018,10,10/2018,1.6065427434933641,1,12.57025462684049,9,0.2997617180046457,0.3,0.3235472614600973,0,0.4981708652965501,0.5,0.25910879424555167,0,0.00023643527148357356,0,13.951194331745272,10.3
DIS,2018,10,10/2018,1.286775856839551,1,10.372490900818928,7.5,0.20038671519562432,0.3,0.21201091901728844,0,0.3210873521383075,0.5,0.4746284501061568,0,-0.004771762208067941,0,11.575241128298826,8.8
NOC,2018,10,10/2018,1.2322456813819578,1,11.448329005306551,7,0.2476075420571739,0.3,0.29323247149147563,0,0.3931805351699221,0.5,0.4381027435926439,0,-0.0028693688607880773,0,12.817030823076117,8.3
UNK,2018,10,10/2018,1,1,37.83,37.83,0.3,0.3,0,0,0.5,0.5,5.76,5.76,12.05,12.05,56.44,56.44
CRD,2018,11,11/2018,1.5656756848952615,1,13.847934337872406,10,0.29992091157208695,0.3,0.3179499543855077,0,0.4974622510555185,0.5,0.4135119205586403,0,2.7496360602059466,2,18.13239278119479,12.96
CSH,2018,11,11/2018,1.6115690197247328,1,12.32228287722104,9,0.29975817709467073,0.3,0.29954504540915305,0,0.4982123671531753,0.5,0.2445426625443736,0,0.00012462046771512727,0,13.664608035853247,9.8
DIS,2018,11,11/2018,1.275094735144723,1,9.764906877368375,7,0.19163911956783344,0.3,0.19729097798919618,0,0.30464403773280657,0.5,0.33657744094170977,0,0.0025114891558493907,0,10.797412722729062,8.3
NOC,2018,11,11/2018,1.2435699716432018,1,11.57305208696087,7,0.24459230884042693,0.3,0.2769449281130292,0,0.38842992885926075,0.5,0.4561332769514011,0,-0.0012524252524750013,0,12.937415053973504,7.8
UNK,2018,11,11/2018,1,1,4.5,4.5,0.3,0.3,0,0,0.5,0.5,0,0,0,0,5.3,5.3
CRD,2018,12,12/2018,1.5793985210483317,1,13.626845006773108,10,0.29991211654316,0.3,0.32792209489019397,0,0.49728024530872617,0.5,0.3895504716881788,0,2.722387284584319,2,17.87033578016323,12.96
CSH,2018,12,12/2018,1.6409000528255746,1,12.308344003308024,9,0.3009385937253839,0.3,0.30550297663210163,0,0.498196147096473,0.5,0.24308190733972812,0,0.00025135476825004894,0,13.65648439298012,9.8
DIS,2018,12,12/2018,1.3228499460237495,1,9.021722921914355,7,0.1813386110111423,0.3,0.18916876574307304,0,0.28870097157250807,0.5,0.46325008996042033,0,-0.0068449082403742355,0,10.136354084203605,8.3
NOC,2018,12,12/2018,1.2694801955502344,1,10.798471764940645,6.5,0.24062406465136807,0.3,0.27377082709767536,0,0.38563254514616385,0.5,0.41644991519505714,0,0.000230968771824803,0,12.114363214603548,7.8
